Pipistrellus pipistrellus,0.711,0.753,0.0455,0.0511,,c4463117-3376-46dd-bdfc-e7dd8ae5ea8c
Pipistrellus pipistrellus,0.666,0.806,0.1065,0.1137,,14264e4e-795e-4fc3-b4df-17dd1f25a473
Pipistrellus pipistrellus,0.635,0.772,0.1955,0.2028,,1913ded6-bd7c-493c-a5d5-c6067512991d
Pipistrellus pipistrellus,0.69,0.807,0.2755,0.2826,,62b79e00-0adb-410b-b4ba-b7105e6cd5dd
Pipistrellus pipistrellus,0.711,0.788,0.3725,0.3801,,c66cc3e1-d3b1-4a1c-9516-6b47f0e58fc4
Pipistrellus pipistrellus,0.741,0.819,0.4565,0.4629,,52858b80-33e5-43c9-a333-903b4d5fcb5c
Pipistrellus pipistrellus,0.628,0.721,0.8325,0.8402,,cb220655-55f5-4b68-a17e-b2d38061bf5d
Pipistrellus pipistrellus,0.629,0.723,1.0325,1.0399,,c0a33321-9920-443b-b537-27b601b58144
Rhinolophus hipposideros,0.666,0.666,0.8525,0.8947,,fd6e56ac-0f3d-4495-a53b-35c880763247
Rhinolophus hipposideros,0.609,0.609,1.1645,1.2085,,c7d7c846-b3a3-4fb8-a5fd-eaa4c8c8a9e9
Rhinolophus hipposideros,0.62,0.62,0.2985,0.3319,,87ad79ca-0c07-4b82-82de-5b2874289c5d
Rhinolophus hipposideros,0.639,0.639,0.6255,0.6608,,ca1ff5ac-775c-47ee-846a-7b0477fa0e5a
Rhinolophus hipposideros,0.61,0.61,0.6505,0.672,,2404e417-8d27-451c-b637-c410e60af77f
Rhinolophus hipposideros,0.619,0.619,0.7035,0.743,,d5f09e1e-66f2-44a8-b12e-69810c4926d4
Rhinolophus hipposideros,0.604,0.604,1.0055,1.0347,,bb181dd0-b48b-45cb-9f10-a29ff7cf7ca3
Rhinolophus hipposideros,0.621,0.621,1.5865,1.616,,b6b8ad61-55bf-4833-912e-386acd7baece
Rhinolophus hipposideros,0.61,0.61,1.7275,1.7541,,7fba4485-f234-40f0-bdee-dc6aefd76f6d
Rhinolophus hipposideros,0.664,0.664,2.0045,2.0409,,17106c5f-9016-4b48-8024-e2386d14a6b6
Rhinolophus hipposideros,0.64,0.64,2.1325,2.1656,,60a6457d-06c4-4886-834b-3bd4523055d7
Rhinolophus hipposideros,0.616,0.616,2.2205,2.2548,,fb69ab60-2ae4-4bcd-95ea-e4e3ee67ed73
Rhinolophus hipposideros,0.704,0.704,2.5685,2.6042,,88fc38c3-ae40-40c0-97c6-21d9c3f8e801
Rhinolophus hipposideros,0.684,0.684,2.6725,2.7022,,b9ea3509-7e82-495c-b160-f4ea8479e699
Rhinolophus hipposideros,0.653,0.654,2.9555,2.9856,,512f4b92-dd34-44ee-921d-e215f5f73996
Pipistrellus pipistrellus,0.722,0.731,1.5785,1.5855,,0843f6a5-dea4-417c-82fe-4d108542f8ab
Pipistrellus pipistrellus,0.754,0.801,1.6635,1.6698,,f8f39ded-87fd-4364-b32f-c805c35a9bd5
Pipistrellus pipistrellus,0.765,0.79,1.7345,1.7404,,8344695a-729d-4e07-bcc3-aade6d215d77
Pipistrellus pipistrellus,0.802,0.822,1.8315,1.8377,,ce6cd32e-10b4-448d-a16b-46b262de9643
Pipistrellus pipistrellus,0.8,0.805,1.9205,1.9263,,a59bc277-0a58-4be3-885d-0ce70ef80e7e
Pipistrellus pipistrellus,0.757,0.775,2.0095,2.0154,,18824e5a-070f-45f6-9aeb-92d68e5b80b5
Pipistrellus pipistrellus,0.731,0.736,2.0885,2.0936,,4a992b56-3a2e-4539-8e73-bc3ad9bf671e
Pipistrellus pipistrellus,0.788,0.794,2.2285,2.2345,,259d304c-59f5-4345-be6b-034d98588a53
Pipistrellus pipistrellus,0.759,0.806,2.2735,2.2792,,8b575f74-a2d3-4892-8611-1be8716804f1
Pipistrellus pipistrellus,0.801,0.811,2.3705,2.3768,,a9d09f1d-6a6b-4423-b356-f12474915e6b
Pipistrellus pipistrellus,0.771,0.785,2.4585,2.4651,,02226390-c218-4a1f-8304-9c473b961558
Pipistrellus pipistrellus,0.761,0.804,2.5445,2.5509,,319d5bfb-f1c2-4f87-bcda-f07f3d1b4d01
Pipistrellus pipistrellus,0.693,0.789,2.6025,2.6091,,a9eb8eba-abe6-4b51-b6e0-f370301ccd5f
Pipistrellus pipistrellus,0.773,0.794,2.6565,2.6627,,abdf9bd2-78af-4a83-a3e7-5d23b53bc13d
Pipistrellus pipistrellus,0.769,0.777,2.8145,2.8199,,8082ca5f-abd8-4825-adc1-d285e10ccce5
Rhinolophus hipposideros,0.612,0.612,0.3885,0.4355,,51afb36e-97ce-421a-97b0-d2d0e56ce2ac
Rhinolophus hipposideros,0.702,0.702,0.0655,0.1169,,2ba18307-f4c2-47e8-bd7b-928478b9328b
Rhinolophus hipposideros,0.663,0.663,0.1585,0.2053,,92fa2c84-378a-4b50-9b8b-4b12f04da852
Rhinolophus hipposideros,0.64,0.64,0.2525,0.2962,,40f67ba6-dc87-4fcb-bd8d-681d661113cf
Rhinolophus hipposideros,0.682,0.682,0.3465,0.3954,,4ecff55c-d6de-4b68-b25c-5ffc4af76942
Rhinolophus hipposideros,0.624,0.624,0.4375,0.4828,,5ec5d458-8660-45e9-8ce0-f03e02e4d6e0
Rhinolophus hipposideros,0.707,0.707,0.5135,0.5628,,d7afbb38-c539-47ad-88a4-123a456a489b
Rhinolophus hipposideros,0.803,0.803,0.6585,0.7093,,10cbae08-cedb-4088-92a7-b9ffdd8c0a01
Rhinolophus hipposideros,0.651,0.651,0.8185,0.8577,,47b0eab5-f7ef-4c50-a26e-da1c7ac185ab
Rhinolophus hipposideros,0.674,0.674,1.4585,1.5063,,10082df1-923a-4eab-95f4-b2267c85c93d
Rhinolophus hipposideros,0.645,0.645,1.5235,1.5692,,b15f3ba4-7958-4d81-b229-b9182ce5a10f
Rhinolophus hipposideros,0.627,0.627,1.6665,1.7163,,1a64221c-000b-41f6-995e-46181be4985f
Rhinolophus hipposideros,0.651,0.651,1.8595,1.9098,,ff5fc07e-f004-46f2-8902-0083ab894e36
Rhinolophus hipposideros,0.669,0.669,2.0285,2.0783,,5d40bc36-0d81-45c1-803e-9c66e031d2f8
Rhinolophus hipposideros,0.692,0.692,2.0975,2.1486,,deaeda6c-80e6-495b-b6c3-fc938a2f5222
Rhinolophus hipposideros,0.623,0.623,2.1855,2.2318,,ca5c2b4e-26a0-4354-b6af-182a5923b3ac
Rhinolophus hipposideros,0.692,0.692,2.2735,2.3241,,b2ad7c14-4e0c-4111-ad2a-186a7a76d44b
Rhinolophus hipposideros,0.707,0.707,2.3505,2.4001,,c0956567-fa0e-4c57-8d09-b5a785ba6e8a
Rhinolophus hipposideros,0.686,0.686,2.4245,2.4754,,e38a90fb-3d44-4c56-800e-edc54d49aa19
Rhinolophus hipposideros,0.766,0.766,2.4995,2.5505,,8427aaa0-3217-42d0-9fa3-ed95ba5cb1ac
Rhinolophus hipposideros,0.799,0.799,2.5795,2.6297,,8fd801f3-9e5e-47c8-b4f5-61778bccd666
Rhinolophus hipposideros,0.631,0.631,2.6715,2.7218,,24584690-d504-492e-9ad9-040a868c8b5f
Pipistrellus pipistrellus,0.637,0.652,1.0525,1.0604,,74402f6c-e16a-4373-875f-acf23a66bc5c
Pipistrellus pipistrellus,0.658,0.686,2.5275,2.5348,,926dd3a1-5fb1-4222-a84f-ebb34ba55cf9
Rhinolophus hipposideros,0.724,0.724,0.3315,0.3629,,68185311-f5f3-4fed-a5b2-b6c788931e25
Rhinolophus hipposideros,0.688,0.688,0.5105,0.5415,,d5952523-5f52-47a6-95c2-17c332f1da43
Rhinolophus hipposideros,0.713,0.713,0.6685,0.7025,,68d27ec7-5184-49c2-a9a5-6ccac25a245d
Rhinolophus hipposideros,0.701,0.701,0.8195,0.8553,,0ecd8973-d18e-4645-a0f8-1551071094b1
Rhinolophus hipposideros,0.624,0.625,1.1715,1.192,,f8a2dcb3-8848-4605-8fff-f376366d9eb9
Rhinolophus hipposideros,0.691,0.691,1.2075,1.2323,,b9ec69ba-598f-4816-8d72-a1682bccf4b7
Rhinolophus hipposideros,0.647,0.647,1.6475,1.677,,7588d219-efaa-438c-b63f-42089a5f3855
Rhinolophus hipposideros,0.672,0.672,2.0715,2.1084,,d87d531c-5799-46c7-9ee0-cf24cf4425a4
Rhinolophus hipposideros,0.61,0.61,2.1055,2.1302,,1164bb42-0ec1-4a5d-9a71-312f756e0df9
Rhinolophus hipposideros,0.603,0.603,2.2455,2.2841,,3f4f5876-4533-4657-9b88-bcad89b0a594
Rhinolophus hipposideros,0.63,0.63,2.3535,2.3871,,1102bf83-c4d3-4682-9518-12a5d606ef6a
Rhinolophus hipposideros,0.707,0.708,2.5515,2.5818,,01b878bc-7555-43e1-b37b-cc8162c0e3bb
Rhinolophus hipposideros,0.701,0.701,2.6475,2.6888,,fb53ec5d-ef52-4dc9-a379-0dc08d0049bc
Rhinolophus hipposideros,0.718,0.718,2.7265,2.7609,,d38bfdde-b45e-47f6-a306-7894ba9382c7
Rhinolophus hipposideros,0.655,0.655,2.8455,2.8681,,7be28ec1-8f78-4412-a78f-a9be1102917c
Rhinolophus hipposideros,0.6,0.6,2.8995,2.9353,,325843ff-c420-4e44-9dcd-84fae7581859
Rhinolophus hipposideros,0.638,0.638,0.9565,1.0005,,c668ca1e-fe1a-4fd7-91b9-70ff2d013587
Rhinolophus hipposideros,0.607,0.607,1.1765,1.2226,,bcb40830-76f1-4246-93b0-c852e850ef9a
Rhinolophus hipposideros,0.655,0.655,2.1865,2.2355,,b32202a6-e059-4555-b5bf-b0216ad95590
Pipistrellus pipistrellus,0.663,0.688,0.4815,0.4894,,8764595f-c0eb-4156-9c37-50cd8d008cdc
Pipistrellus pipistrellus,0.742,0.765,0.8975,0.9047,,a7b5d1b9-1bae-415a-bfd5-209aac5240ce
Pipistrellus pipistrellus,0.655,0.675,1.0505,1.0584,,1171ddb8-e55f-4d6c-92f6-deef472c20f1
Pipistrellus pipistrellus,0.623,0.749,1.1435,1.1522,,97e68781-3023-4abd-a3dd-07146563bb41
Pipistrellus pipistrellus,0.634,0.652,1.2355,1.2426,,5c0fcd8c-c4e6-4fa5-88a1-f24c6769cb6e
Pipistrellus pipistrellus,0.764,0.776,1.4095,1.4155,,9d6b6070-99f8-4e73-94b9-1bde8ba6f0ea
Pipistrellus pipistrellus,0.737,0.791,1.5085,1.5155,,48ffdf73-dfe6-45c3-a5f4-6c2604535ee7
Pipistrellus pipistrellus,0.789,0.8,1.6035,1.61,,50a22278-8de8-43af-a313-33d45811f0fa
Pipistrellus pipistrellus,0.758,0.798,1.6865,1.6935,,f9da74e4-9c25-4e6d-a5eb-172e4cc424ea
Pipistrellus pipistrellus,0.703,0.725,1.7775,1.7854,,46627291-d4e0-45e8-86d7-58be60014f71
Pipistrellus pipistrellus,0.764,0.786,1.8705,1.8767,,73991c98-b36e-44d9-8173-a0f1b7d141ff
Pipistrellus pipistrellus,0.71,0.722,1.9455,1.953,,e1278238-756c-4cbd-b6c0-7075bd477236
Pipistrellus pipistrellus,0.676,0.682,2.0055,2.0119,,8c130690-9abf-4ae1-b854-8c4d8f1b5828
Pipistrellus pipistrellus,0.739,0.75,2.1105,2.1171,,782cf9ba-a6bd-41b5-b2ab-be64d7d54856
Pipistrellus pipistrellus,0.747,0.754,2.1935,2.2,,fa092052-e9ef-42ad-94c6-583e9159c9b0
Pipistrellus pipistrellus,0.658,0.668,2.2355,2.2409,,1c12b360-82fc-4488-b0f7-16039edce6cd
Pipistrellus pipistrellus,0.733,0.74,2.3415,2.346,,bf6d05a3-3230-4039-9f9f-99735e432681
Pipistrellus pipistrellus,0.712,0.722,2.3965,2.4018,,2b0ad28c-d27b-4eb3-8e51-285cfbf13918
Pipistrellus pipistrellus,0.651,0.661,2.4555,2.4606,,30fe15b9-5a61-4058-a772-08b58bfc5ea3
Rhinolophus hipposideros,0.611,0.611,1.1235,1.1601,,d8fd712b-d75f-4d46-b9cf-7747c61df2c6
Rhinolophus hipposideros,0.602,0.602,0.4185,0.4588,,a8851d7e-d1d9-4439-b88c-73e7d14241ca
Rhinolophus hipposideros,0.622,0.622,0.4995,0.5423,,6fa7b7b2-bc32-4e44-935c-f024774b89e4
Rhinolophus hipposideros,0.63,0.63,2.8375,2.8789,,d54f53ed-ed5e-42e1-bc4e-4c7e04bc15fe
Rhinolophus hipposideros,0.664,0.664,0.1335,0.1758,,aea58eca-09e6-4051-9bb3-eadb3d99f641
Rhinolophus hipposideros,0.658,0.658,0.2995,0.3436,,05be2366-3a6d-4456-9ee5-4f067eb49d1d
Rhinolophus hipposideros,0.748,0.748,0.4645,0.517,,dced69a7-79bb-46bf-9525-a0dda7e9a3c2
Rhinolophus hipposideros,0.755,0.755,0.5495,0.6016,,78ca3eef-81a9-4350-8669-d2e8fbd49331
Rhinolophus hipposideros,0.745,0.745,0.6335,0.6859,,5756a30d-f138-4671-844d-254007411f32
Rhinolophus ferrumequinum,0.609,0.609,0.6335,0.6892,,7cef1c2c-310b-4971-91eb-e4943551375b
Rhinolophus hipposideros,0.673,0.673,0.6945,0.7402,,53119730-0204-4811-bf7b-b83691de753f
Rhinolophus hipposideros,0.797,0.797,0.7465,0.7973,,fa94aead-98a7-4302-90c2-10db3a9aa1de
Rhinolophus hipposideros,0.727,0.727,0.9055,0.9576,,4ff8b5d2-ab92-4f9c-acfc-6b11e0c947f0
Rhinolophus hipposideros,0.652,0.652,1.0195,1.065,,5b8a0f60-1981-424a-823b-c93a626a13a6
Rhinolophus hipposideros,0.645,0.645,1.1155,1.1604,,bd16392b-0c88-4b46-8eb6-526c6155e96c
Rhinolophus hipposideros,0.619,0.619,1.1555,1.2021,,86fcd55e-20b6-4825-9772-0165ca4ba993
Rhinolophus hipposideros,0.679,0.679,2.8975,2.9495,,b73aee70-1d2d-4aba-80fb-dc8f082e88d8
Rhinolophus hipposideros,0.707,0.707,2.9725,3.0216,,9bd57d2e-88c0-4203-81a5-55ef8407ab77
Myotis nattereri,0.691,0.733,0.3655,0.3688,,13be4b84-ae44-4a26-8f12-ad9ffa619d06
Myotis nattereri,0.609,0.647,0.5045,0.5075,,714dda5d-b5ca-44b2-a3d0-30c2c7c1896f
Myotis nattereri,0.625,0.656,0.9675,0.9709,,2a9e5110-fb5f-4bce-9a2f-6bff15bbe9fb
Myotis nattereri,0.676,0.71,1.0595,1.0635,,a83f21bd-8c81-4223-a688-a3ed044d277a
Myotis nattereri,0.72,0.751,1.1605,1.1644,,0e080fa3-69b9-4d59-9af7-d875117563b6
Myotis nattereri,0.66,0.695,1.2635,1.267,,7e63dc1c-6362-44c4-898d-c0e7eee56bb7
Myotis nattereri,0.665,0.703,1.3345,1.3379,,bcd9ecc1-1334-46a8-9a1e-26a4ba83920b
Myotis nattereri,0.686,0.725,1.5735,1.5776,,8ffdb3e6-a2a7-4421-a23a-5f3868a4d1e8
Myotis nattereri,0.689,0.722,1.6415,1.6451,,fe8faab0-d4c6-4886-a970-711ed30547c4
Myotis nattereri,0.65,0.676,1.8175,1.8212,,0ef41872-edd8-41b1-91bc-970e59898dee
Myotis nattereri,0.656,0.686,2.0995,2.1038,,2737fd99-edf0-4cd7-a7e2-13fe9a9a33cc
Myotis nattereri,0.652,0.679,2.1775,2.1815,,4f9297c2-2be8-466e-b601-9492d8e54055
Myotis nattereri,0.611,0.625,0.9925,0.9965,,c7d387fc-8a23-435f-9da2-6e040eb60f42
Myotis nattereri,0.609,0.629,1.1805,1.1845,,1dc41c53-26e0-4e76-bdf3-a486fd7b32e6
Myotis nattereri,0.605,0.62,2.0645,2.0682,,ff9b24b5-778c-4965-87e7-3a058ef937dc
Myotis nattereri,0.639,0.662,2.1835,2.1866,,7bafd93f-1cbd-49ab-ae5a-8fbb1e6157cd
Myotis nattereri,0.602,0.625,2.6965,2.6997,,f6e928c2-ca57-4e04-b7e2-431312c30933
Myotis nattereri,0.618,0.647,2.7715,2.7758,,85d8e1f0-0378-47e5-a3f9-e64c1603de7c
Myotis nattereri,0.709,0.735,2.9275,2.9314,,e870a752-ae03-44a4-adbb-d88e3cf71e02
Rhinolophus hipposideros,0.627,0.627,0.3955,0.4317,,5839e2b7-d397-4caf-8d9a-81e855a3fb51
Rhinolophus hipposideros,0.625,0.625,0.6205,0.6521,,c1eccb47-448a-47a2-92bd-3fbda4703931
Rhinolophus hipposideros,0.622,0.622,0.2465,0.2903,,b0654e01-21dc-4e2c-ae3a-76f73dd9387a
Rhinolophus hipposideros,0.662,0.662,0.3375,0.3796,,1217ef95-b54b-4ada-ac14-821ec35bb6e3
Rhinolophus hipposideros,0.615,0.616,0.5335,0.5733,,f753f7ea-e9cd-4844-aeb6-1ebdef23a6e2
Rhinolophus hipposideros,0.77,0.77,0.7505,0.8028,,bf52e7ad-42a4-42a5-be09-2a1d995bfab7
Rhinolophus hipposideros,0.708,0.708,0.8435,0.8954,,a8430abf-bb36-45c5-98f0-fe2b1a284ef4
Rhinolophus hipposideros,0.632,0.632,0.1945,0.2182,,2599c13e-ce1b-4f30-929e-d264b1fc8217
Rhinolophus hipposideros,0.648,0.648,0.8585,0.8915,,8b2cfa21-2664-413d-b196-99c5647b36f3
Rhinolophus hipposideros,0.628,0.628,2.1795,2.2106,,8d281488-473d-4042-9a8d-887c83c227d3
Rhinolophus hipposideros,0.619,0.619,0.7255,0.7651,,5428f22e-b461-4ff1-9c1e-467c411dd21f
Pipistrellus pipistrellus,0.638,0.685,1.1125,1.1193,,12e8531c-cc2f-4927-a6a0-2377212b361e
Rhinolophus hipposideros,0.637,0.637,0.3045,0.3525,,ea5cebeb-f9f1-4fb5-ba69-1e01c09e618c
Rhinolophus hipposideros,0.642,0.642,0.4255,0.4737,,b1aced45-906f-47b1-b93c-ba1941f41005
Rhinolophus hipposideros,0.725,0.725,1.9245,1.9743,,76c2413d-8251-47f0-8f7e-5b69c9d23f84
Rhinolophus hipposideros,0.605,0.605,2.0125,2.0568,,00ebd2fc-3515-4353-82ab-d97efd5f05b3
Rhinolophus hipposideros,0.756,0.756,2.1895,2.2408,,98829770-7d9c-4ac7-9aef-121bd2498148
Pipistrellus pipistrellus,0.692,0.703,0.3715,0.3783,,bcacd063-94ff-4ca7-be24-1ee6525f3cb3
Pipistrellus pipistrellus,0.604,0.616,0.4655,0.4727,,f140662c-0211-4bf9-b9f6-c262c634ff50
Pipistrellus pipistrellus,0.674,0.697,0.5595,0.5674,,72ed8139-dc66-4265-9287-1efa4f2816cd
Pipistrellus pipistrellus,0.709,0.73,0.8985,0.9049,,6275d5bc-fb3a-4ee2-a20d-db376f40712c
Pipistrellus pipistrellus,0.74,0.771,0.9665,0.9721,,b5a83984-1668-4cb6-9b8f-98d93cbe2246
Pipistrellus pipistrellus,0.628,0.645,1.0455,1.0522,,f797358f-a4f3-4d0e-ba62-972fffe4957b
Pipistrellus pipistrellus,0.695,0.719,1.1375,1.1442,,78d5dcd4-5ac0-48d3-829b-c93d2c82973b
Pipistrellus pipistrellus,0.721,0.748,1.2265,1.2333,,8fabcc4b-6bad-4a23-b31f-6fdc4a9635ca
Myotis nattereri,0.703,0.734,1.3235,1.3284,,9e1d0f3c-4870-402d-b001-10ffde2cce83
Myotis nattereri,0.718,0.742,1.3975,1.4023,,c21b08b9-57a4-4d4a-b419-6e7bf3d26aaf
Myotis nattereri,0.669,0.685,1.4945,1.4989,,08ccaeb0-af67-426e-b2fa-1e040f860a63
Myotis nattereri,0.729,0.751,1.5625,1.5669,,0dd1c623-0f72-4421-b013-10fa2134b56d
Myotis nattereri,0.75,0.774,1.6325,1.6369,,2b2fb2f4-43ab-41c4-97c1-2c9e7de323fb
Myotis nattereri,0.723,0.749,1.7105,1.7146,,d893b0d2-e26b-4b7e-8642-13690529d66d
Myotis nattereri,0.678,0.695,1.7825,1.7865,,59223c06-c644-4ba7-a115-5dc98da08ab1
Myotis nattereri,0.67,0.685,1.8545,1.8585,,daea49fb-81af-40f5-9774-dffdaf45f6db
Myotis nattereri,0.618,0.631,1.9145,1.9183,,bf793e77-7abe-4d61-9033-31ddf69d2adf
Rhinolophus hipposideros,0.612,0.612,1.3395,1.3837,,5e7ee9a7-856d-437f-8dd8-6fa8ffd6b29b
Rhinolophus hipposideros,0.64,0.64,1.5695,1.6168,,9e31b084-96be-4818-87af-e368e72c8f27
Pipistrellus pipistrellus,0.613,0.618,0.5905,0.5979,,dd7b2812-2d11-4507-a2cf-312d8efa0779
Pipistrellus pipistrellus,0.767,0.779,0.6925,0.6988,,cbfcfee2-7b80-4d3c-9b8e-9d30416dd4da
Pipistrellus pipistrellus,0.754,0.764,0.7625,0.7686,,545c6235-9fb3-498e-bf26-7d6b4f14ad7d
Pipistrellus pipistrellus,0.796,0.801,0.8475,0.8536,,da723a38-d89e-4f97-9f7d-d5514bc741ce
Pipistrellus pipistrellus,0.769,0.774,0.9515,0.9572,,a36836a8-d65e-4b3b-9ffd-0157cb680684
Pipistrellus pipistrellus,0.765,0.779,1.0665,1.0731,,7faabc9c-6863-4735-ad09-dd7af8364302
Pipistrellus pipistrellus,0.746,0.768,1.2625,1.2697,,d522eb5e-685d-414c-b23b-f31918825a5e
Pipistrellus pipistrellus,0.805,0.828,1.3625,1.3693,,128d7e2d-cd5b-4965-81f6-474d4293a461
Pipistrellus pipistrellus,0.78,0.803,1.4485,1.454,,e95f5479-13db-4c31-9086-350a113cc958
Pipistrellus pipistrellus,0.722,0.732,1.5425,1.5516,,86b7a224-ac43-4e7d-93b3-e233af299aae
Pipistrellus pipistrellus,0.763,0.793,1.6315,1.6382,,7b061a15-2834-4531-bd29-a87d9722befa
Pipistrellus pipistrellus,0.654,0.661,1.7275,1.7337,,f4d11e64-53ab-4d2c-83d8-7861ee630a46
Pipistrellus pipistrellus,0.682,0.737,1.8265,1.8334,,e19f9827-93b6-4ab5-ad41-6fe3c093c74f
Pipistrellus pipistrellus,0.614,0.621,1.9715,1.9794,,6c0ff60a-cd39-4217-90a8-33b0c755c6e5
Pipistrellus pipistrellus,0.712,0.733,2.0585,2.0656,,149306ed-1e19-486c-b7e2-327758375388
Pipistrellus pipistrellus,0.642,0.685,2.1565,2.1643,,d5c91936-51f9-4ae5-b10e-c1973d7369e3
Pipistrellus pipistrellus,0.626,0.67,1.2655,1.2741,,41f0db05-a14a-42b6-95bc-c08bcb4fd1bd
Myotis nattereri,0.668,0.688,0.0195,0.0238,,fa9abf90-b92d-407d-9dd0-90614e10b5de
Myotis nattereri,0.61,0.628,0.0975,0.1019,,5061e1fc-ffc9-44e3-b0ba-c6945d594e46
Rhinolophus hipposideros,0.629,0.629,0.2285,0.2601,,423075d2-102a-4175-9190-e3d30fda0efa
Rhinolophus hipposideros,0.689,0.689,0.6885,0.7301,,867d11db-8ebc-4da8-834d-3abfb3306bbc
Rhinolophus hipposideros,0.664,0.664,0.7885,0.8268,,7d7a51d3-25d2-4b0f-96d0-0ab43fee0252
Rhinolophus hipposideros,0.696,0.696,0.8415,0.8849,,9345ebd2-96b0-4659-ba66-9f69ac21d365
Rhinolophus hipposideros,0.724,0.724,0.9285,0.9725,,41bed21e-886e-4cc3-826c-21f0a349abc3
Rhinolophus hipposideros,0.694,0.694,1.0265,1.0721,,d2aa159d-92b3-405e-b3d2-1bf9c54a6bd7
Rhinolophus hipposideros,0.601,0.601,1.4575,1.4956,,141608e9-39fc-4701-9514-3ee4cb0c3f57
Rhinolophus hipposideros,0.603,0.603,1.6105,1.6413,,3fe6d308-05ce-4527-9914-fb57fc1f23cd
Rhinolophus hipposideros,0.682,0.682,1.6555,1.6927,,d333892d-4fb8-41f0-af7e-a9efad196598
Rhinolophus hipposideros,0.727,0.727,1.7565,1.8002,,3b33dd1e-4b8e-45e2-94c6-bf90e70f1e06
Rhinolophus hipposideros,0.65,0.65,1.7895,1.8202,,785584b0-6351-474f-8f37-251a7a072d1b
Rhinolophus hipposideros,0.632,0.633,1.8735,1.9011,,9ee3995a-e7d0-4aae-8cab-a812cc1648a4
Rhinolophus hipposideros,0.615,0.615,1.9715,2.0011,,96902c00-35e5-4bad-9b2d-87417c1b8f86
Rhinolophus hipposideros,0.63,0.631,2.1825,2.2055,,6a694c2a-df46-4226-92ca-e6c9c09b4ea3
Rhinolophus hipposideros,0.628,0.628,2.2955,2.3193,,48400b8d-a36a-4c6d-89ea-b8090cdf1045
Rhinolophus hipposideros,0.66,0.66,2.6725,2.7123,,63f6c750-c69a-46f9-9921-a85600cf743b
Rhinolophus hipposideros,0.629,0.629,2.8775,2.9038,,e3c78fe8-f916-44d2-bbb4-10067ecb827e
Rhinolophus hipposideros,0.67,0.67,2.9115,2.9426,,66fbc4b3-cfbb-420c-9fd0-18907d3733d5
Pipistrellus pipistrellus,0.718,0.739,1.0305,1.0364,,b6cba5e0-1f9a-42d3-b2e8-58a2b419d748
Pipistrellus pipistrellus,0.754,0.782,1.0755,1.0806,,876cca81-663f-43dd-8123-d21f32469cbd
Pipistrellus pipistrellus,0.755,0.773,1.1655,1.1703,,c875586c-8582-486f-9891-55a1c6a0e61c
Pipistrellus pipistrellus,0.78,0.796,1.2525,1.2579,,2c099a69-63f8-4a79-a32d-af68bca35a87
Pipistrellus pipistrellus,0.766,0.804,1.3395,1.3452,,0c1b39d8-46d1-4a67-b0b1-bbb8559382bc
Pipistrellus pipistrellus,0.793,0.817,1.4395,1.4447,,fc56b42a-7486-49d4-a84b-dbdb895eb400
Pipistrellus pipistrellus,0.794,0.82,1.5845,1.5901,,e851178d-e401-4f81-be1c-b3603593c146
Pipistrellus pipistrellus,0.759,0.765,1.6795,1.6846,,aa381666-88d1-4fda-9459-8369d428711a
Pipistrellus pipistrellus,0.801,0.811,1.7675,1.7731,,d5ea5850-e411-4ad5-b284-d3662aba1bd4
Pipistrellus pipistrellus,0.646,0.662,1.8385,1.8431,,1d6d58eb-b400-45e3-ae4e-354934b8c04e
Pipistrellus pipistrellus,0.736,0.743,1.8515,1.857,,b15037be-7e45-408c-afb1-d50b09055155
Pipistrellus pipistrellus,0.717,0.727,1.9195,1.9242,,5fb059f6-80a8-44fb-9c2b-55b80a76cb67
Pipistrellus pipistrellus,0.72,0.737,1.9525,1.9577,,8c7bbfe3-2f6a-4665-8475-6ec345e9bc27
Pipistrellus pipistrellus,0.679,0.686,2.0125,2.0171,,bf9684fa-6d87-4c50-86a3-671d68a7d757
Pipistrellus pipistrellus,0.664,0.675,2.0845,2.0893,,92524b3e-8b8c-4495-8e4f-cb57332d3db9
Pipistrellus pipistrellus,0.699,0.715,2.1715,2.1764,,80ad98ac-9bee-4ec9-ab1b-aeb4bc8cd7e7
Pipistrellus pipistrellus,0.6,0.603,2.2055,2.2115,,9efd80d1-2022-4c8b-989f-0fa0cb945821
Pipistrellus pipistrellus,0.713,0.721,2.2425,2.2474,,ce85add6-14ca-4619-a6d2-cb0cbae5ce19
Pipistrellus pipistrellus,0.641,0.647,2.2905,2.2959,,072c020c-83b4-46b8-be42-08ee06c3bae8
Pipistrellus pipistrellus,0.736,0.746,2.3295,2.3344,,de7b3a98-e87b-4e84-9dff-5c599a71b797
Pipistrellus pipistrellus,0.751,0.764,2.3785,2.3837,,d6e93d2d-2bba-403c-bb72-bf7d509c4e4e
Pipistrellus pipistrellus,0.719,0.728,2.4015,2.4065,,8948b759-6773-44e8-935d-cac4173c347e
Pipistrellus pipistrellus,0.732,0.742,2.4525,2.4575,,f3556495-debe-41de-91ab-e267b676307e
Pipistrellus pipistrellus,0.75,0.766,2.5015,2.5066,,90b584d4-2c1e-4614-af70-7fa91c987c79
Pipistrellus pipistrellus,0.75,0.757,2.5445,2.5501,,7116884e-f0ff-4e37-b99a-0531d1e281f7
Pipistrellus pipistrellus,0.763,0.771,2.5735,2.5786,,1a45095b-7c0c-4979-aa12-0c5f02fe5ce0
Pipistrellus pipistrellus,0.794,0.801,2.6535,2.6588,,ba24a979-4b1c-47a3-8ae5-42f2f504f88a
Pipistrellus pipistrellus,0.712,0.72,2.7335,2.739,,30321d05-1e72-481f-b1aa-d81232215a65
Pipistrellus pipistrellus,0.711,0.731,2.8135,2.8186,,7654c5ce-4e3a-41e9-a56b-30589b40fea3
Pipistrellus pipistrellus,0.707,0.718,2.9705,2.9755,,99e624f7-89e4-4f78-98ed-b80c955b1282
Pipistrellus pipistrellus,0.638,0.651,0.0135,0.0181,,a721a5ff-92ef-49fc-a02e-93a41ef8a53d
Pipistrellus pipistrellus,0.723,0.734,0.0825,0.0897,,47fc70b1-3921-4bfb-b824-e0deb391cfed
Pipistrellus pipistrellus,0.714,0.772,0.1395,0.1462,,6e759f9e-801c-44f5-97e2-7d845411ab49
Pipistrellus pipistrellus,0.732,0.744,0.2205,0.2269,,3150fa37-7225-498e-83ec-d10ad3e90f66
Pipistrellus pipistrellus,0.826,0.836,0.4075,0.4136,,13751da0-04e6-47f6-90ee-c34a1f751d71
Pipistrellus pipistrellus,0.796,0.805,0.4955,0.5014,,27f9a169-8e10-40b5-90c2-87f78f1f916c
Pipistrellus pipistrellus,0.756,0.761,0.5825,0.5888,,74b01828-65c7-46cc-a752-2d7fc47725bc
Pipistrellus pipistrellus,0.719,0.735,0.6705,0.6769,,0a9305a0-e624-4077-9708-b3b2df698078
Pipistrellus pipistrellus,0.769,0.772,0.7655,0.7713,,59bc3329-3993-485b-9041-7151bd8353df
Pipistrellus pipistrellus,0.71,0.719,0.8475,0.8556,,1dcf9386-193a-46fc-a354-83b4f6881622
Pipistrellus pipistrellus,0.817,0.822,0.9435,0.9491,,a8690dc8-b923-4714-ba79-28e6dd492c92
Pipistrellus pipistrellus,0.769,0.772,1.0255,1.032,,d70f41cf-b096-434a-a635-7e8e7a32aa81
Pipistrellus pipistrellus,0.715,0.72,1.0925,1.099,,d1695c45-b3ba-43d5-8134-5b61cb44c072
Pipistrellus pipistrellus,0.702,0.706,1.1715,1.177,,bc8d0e40-511b-42b6-b4cf-d57d8b592b79
Pipistrellus pipistrellus,0.776,0.781,1.2785,1.2845,,3028dff9-810d-43e8-990c-2a36d62878aa
Pipistrellus pipistrellus,0.767,0.772,1.3475,1.3535,,73a0a355-e2e3-424d-9324-f6ddda84d925
Pipistrellus pipistrellus,0.741,0.744,1.4295,1.4343,,456f83c0-22cf-4803-8d70-aa63997f541c
Pipistrellus pipistrellus,0.775,0.785,1.4995,1.5046,,aed89cda-1b80-4966-ba19-c9aef9a62a2c
Pipistrellus pipistrellus,0.762,0.767,1.5815,1.587,,e0f85c94-1b56-4f68-a7d6-6ffa5cd37410
Pipistrellus pipistrellus,0.766,0.771,1.6305,1.6359,,7a581f93-0e74-44fd-9ad9-0632a3bd52b5
Pipistrellus pipistrellus,0.683,0.709,1.6715,1.6775,,0a0a2c2d-867f-497b-9c7a-6a6b0e701322
Pipistrellus pipistrellus,0.744,0.749,1.7275,1.7325,,b8a67617-bce3-44e3-a401-841a18a136db
Pipistrellus pipistrellus,0.686,0.7,1.7925,1.7989,,1d5eaa6d-d356-40af-888c-84985fca6e70
Pipistrellus pipistrellus,0.777,0.782,1.8715,1.8768,,29d56c51-8007-461f-96a6-04275d11258c
Pipistrellus pipistrellus,0.65,0.652,1.9575,1.963,,0e11061a-f91c-4646-8fa4-3f3c7e014be0
Pipistrellus pipistrellus,0.752,0.762,2.0415,2.0468,,a1a4d0d0-c1a1-439f-ad5e-8c25ea8b53d8
Pipistrellus pipistrellus,0.706,0.712,2.1295,2.1347,,36bd4dcd-59c8-4af7-9357-745a897d6785
Pipistrellus pipistrellus,0.715,0.729,2.2185,2.2248,,f8b93e2e-2c2c-4402-b0f7-758bde61eb7b
Pipistrellus pipistrellus,0.765,0.771,2.3115,2.3182,,0052c762-6c3e-4930-b5ab-d156903368d2
Pipistrellus pipistrellus,0.801,0.807,2.4065,2.4125,,52fa4cbf-90f7-4ca4-b9c3-8c26d42a9358
Pipistrellus pipistrellus,0.698,0.704,2.5045,2.5105,,59434f4e-5b91-4544-8418-09e034e94548
Pipistrellus pipistrellus,0.79,0.811,2.5955,2.6016,,92916dee-d4a6-465f-8c07-badb05374f97
Pipistrellus pipistrellus,0.707,0.711,2.6815,2.6872,,b9f49c11-59ae-4495-86b4-a300c023db5e
Pipistrellus pipistrellus,0.706,0.714,2.7675,2.7737,,5e7a670b-ed1c-4ca3-8ec0-e8621c6b1e6d
Pipistrellus pipistrellus,0.629,0.632,2.8225,2.8278,,5b06ab80-6574-487b-8532-ce145f0e3612
Pipistrellus pipistrellus,0.685,0.688,2.8755,2.8813,,7f1f09e3-a7f5-47fe-8e3f-d66ed8210b4f
Myotis nattereri,0.605,0.626,0.2735,0.2773,,9beb2981-0d63-4ded-bdf1-71136901f5ea
Myotis nattereri,0.646,0.698,0.5935,0.5967,,f74a7693-404b-4f29-b324-901757f5801c
Myotis nattereri,0.664,0.715,1.6585,1.6622,,d965bd3e-afbf-49d0-aced-10d3c2e1fd30
Myotis nattereri,0.642,0.713,2.3305,2.3355,,f9c8ef3e-564f-4509-a7d9-ab2cb911d8a1
Myotis nattereri,0.617,0.686,2.4185,2.4229,,e374adc4-7302-49b4-ba1a-2f87b4438c5d
Myotis nattereri,0.638,0.683,2.4955,2.4994,,b7e30392-0cd1-49c3-a837-f0c238803b42
Myotis nattereri,0.66,0.749,2.6495,2.654,,713d4e5d-812c-49eb-b004-74b1f2f5f6f7
Rhinolophus hipposideros,0.667,0.667,0.0665,0.1049,,a7dda4fd-d57d-4b36-a53e-90f5cdaa7a74
Rhinolophus hipposideros,0.626,0.626,1.6805,1.7277,,4ce5db5f-b2a5-4910-8a5e-0302eee64a8f
Rhinolophus hipposideros,0.663,0.663,1.7575,1.8051,,58dd7ce2-5fe5-4d15-93e0-47537d7b64d6
Rhinolophus hipposideros,0.665,0.665,1.9185,1.9635,,c7effe85-8dce-46b3-a1d4-6eae9e338c05
Rhinolophus hipposideros,0.656,0.656,2.9125,2.9616,,b16833ac-bca1-4a23-a89c-e631fce9eeaf
Rhinolophus hipposideros,0.612,0.612,0.7985,0.846,,7c543464-74de-4768-9cba-b6c0fa095eef
Rhinolophus hipposideros,0.633,0.633,1.5595,1.6078,,f7caf610-a1f9-4961-8a50-69ec5c1edbcd
Rhinolophus hipposideros,0.73,0.73,2.5555,2.6034,,be20bc70-e42b-49cf-a217-97a051e262c3
Pipistrellus pipistrellus,0.638,0.665,2.0275,2.0343,,b8caf40b-b5bb-4c2c-88a6-c771faff52dc
Pipistrellus pipistrellus,0.611,0.705,2.2075,2.2151,,49ea804d-cb3e-4ab4-bbbb-c104f9b9ae05
Pipistrellus pipistrellus,0.648,0.653,0.5075,0.5143,,34bdb927-ebf4-45ca-964d-b9929d10d450
Pipistrellus pipistrellus,0.652,0.658,0.5985,0.6059,,a3fc0537-5e2e-40eb-9e0a-9daefb6235dd
Pipistrellus pipistrellus,0.699,0.702,0.6915,0.6984,,85bee7f1-75be-4f2b-8751-1706f79c058d
Pipistrellus pipistrellus,0.674,0.679,0.7905,0.7972,,2712f509-2043-4ff8-aa69-8e6a10f6c766
Pipistrellus pipistrellus,0.727,0.731,0.8845,0.8912,,c04c3a7b-a723-4eee-8c65-0a3a72392881
Pipistrellus pipistrellus,0.702,0.708,0.9755,0.9838,,a53568e1-10ea-471f-91ca-9d2a076779fa
Pipistrellus pipistrellus,0.76,0.772,1.0575,1.0635,,6e98a29e-26bf-492e-810b-10fa53372a22
Pipistrellus pipistrellus,0.737,0.754,1.1335,1.1411,,18495c07-eb85-46c5-a2fb-dce99e29ce31
Pipistrellus pipistrellus,0.784,0.8,1.2205,1.2266,,2479e32b-eb66-49c9-9347-cf35131c7b13
Pipistrellus pipistrellus,0.748,0.759,1.3025,1.3083,,00988e8f-97df-4e1e-9f18-dd73626cb5d4
Pipistrellus pipistrellus,0.798,0.809,1.3825,1.3899,,832d1bf8-5185-4df5-a251-de6dea3cf081
Pipistrellus pipistrellus,0.749,0.758,1.5435,1.5495,,b8f151ca-bf4a-45d2-b6f2-2e4337f62dad
Pipistrellus pipistrellus,0.785,0.805,1.7005,1.7073,,7f21c46b-e632-45b4-bdf5-39f811f41164
Pipistrellus pipistrellus,0.767,0.782,1.8655,1.8714,,19428dea-b400-4686-acca-4639acbe498c
Pipistrellus pipistrellus,0.719,0.725,1.9445,1.9512,,6317e416-fcc6-4701-ab0b-5b793a2cc056
Pipistrellus pipistrellus,0.658,0.664,2.0065,2.0132,,ec64dc85-39d0-47d5-9ef1-2bd86e4fddf8
Pipistrellus pipistrellus,0.712,0.721,2.0785,2.085,,987b8e2a-1e9b-4e5b-beed-395ed35c9c1d
Pipistrellus pipistrellus,0.732,0.739,2.1465,2.1526,,2b28d90b-f58f-45db-99ad-ca15bee020f2
Pipistrellus pipistrellus,0.696,0.71,2.3055,2.3121,,269c799d-2817-44a4-bb18-82568bdc29b2
Pipistrellus pipistrellus,0.67,0.689,2.3635,2.369,,eb9fe0e0-9907-46e0-be94-6b0309bfb388
Pipistrellus pipistrellus,0.747,0.766,2.9405,2.9464,,771bcee1-e9a3-4e21-96bb-8500cdc45592
Myotis nattereri,0.621,0.656,0.1575,0.1614,,8ce2dcc0-b12d-4401-bf87-96a916227dd0
Myotis nattereri,0.668,0.701,0.1925,0.1969,,9558def8-a426-4ada-9373-00a48aa4d0c1
Myotis nattereri,0.602,0.622,0.2835,0.2879,,016e0094-e1e4-425b-b8c0-795975681574
Myotis nattereri,0.638,0.667,0.7875,0.7922,,01b21b71-d775-49e0-9f5b-99e603d25d42
Myotis nattereri,0.61,0.651,1.0715,1.0754,,2bd8ffe5-476e-4859-8095-1fb8a885104b
Myotis nattereri,0.669,0.755,1.3515,1.3562,,a60f4cfc-5c87-4017-b766-47915eb9aa96
Myotis nattereri,0.612,0.677,2.0585,2.0632,,7f80c5a5-788b-497e-b348-976c25dd92ba
Myotis nattereri,0.605,0.627,2.4655,2.4694,,6ea0115a-9aa4-40b9-a40e-b76298dce994
Myotis nattereri,0.674,0.719,2.5325,2.537,,42a0c479-80a2-463d-9255-9e135842b18e
Myotis nattereri,0.607,0.65,2.6095,2.6133,,00156471-f781-4c61-9cd0-37446393c557
Rhinolophus hipposideros,0.612,0.612,0.1785,0.2235,,3e6e5d5d-6929-4ed0-9b4f-f9979f2df2e8
Rhinolophus hipposideros,0.601,0.601,0.5145,0.5598,,290ea1eb-7d38-4a97-9c49-8e65bffda8a6
Rhinolophus hipposideros,0.608,0.608,0.6035,0.6488,,f36bb32b-701e-4f2e-8f59-5fb8487d915b
Rhinolophus hipposideros,0.616,0.616,0.7555,0.7975,,1c95cd93-70e4-410d-9c94-3557ab3f3831
Rhinolophus hipposideros,0.608,0.608,0.8325,0.8831,,0132ee62-caf9-444e-8335-15308b2e3c16
Rhinolophus hipposideros,0.662,0.662,1.5515,1.5966,,7e91b48b-aac2-4bd5-b52b-3873da792290
Rhinolophus hipposideros,0.648,0.648,1.6885,1.7299,,c2668f2c-5c84-4c72-ac11-3bf89b549b32
Rhinolophus hipposideros,0.651,0.651,1.9765,2.0189,,4f5828ce-7670-4f3c-a593-3a8e9afa97c8
Rhinolophus hipposideros,0.627,0.627,2.5785,2.621,,fcdf90c8-472f-48ab-9959-f7d0f6066a5c
Rhinolophus hipposideros,0.64,0.64,2.9425,2.9848,,c039f5f0-dc6c-4f9b-8e34-ef582fc2d444
Pipistrellus pipistrellus,0.625,0.641,0.5095,0.5165,,3daaff01-e4a1-4aee-96a8-e476cc77a12a
Pipistrellus pipistrellus,0.666,0.672,0.6045,0.6108,,6a73e791-4c1f-425c-9666-67ee15a5adb7
Pipistrellus pipistrellus,0.666,0.67,0.6935,0.6991,,3e98ee5b-c1af-4da9-a40c-02cc64f27509
Pipistrellus pipistrellus,0.718,0.727,0.7655,0.7712,,6c93d5eb-537f-43a1-9546-182ce2c8c125
Pipistrellus pipistrellus,0.722,0.736,0.9435,0.9493,,dc15ba00-f0ed-48cf-8c84-606dbade39bb
Pipistrellus pipistrellus,0.766,0.772,1.0275,1.0338,,945ea12a-9754-4b20-b8ad-bf369f90c207
Pipistrellus pipistrellus,0.744,0.768,1.1175,1.1233,,519ccb88-ad24-4546-9443-6dbcbf85b6cb
Pipistrellus pipistrellus,0.694,0.703,1.2085,1.2148,,d5d7f8c0-6104-41dd-a826-fbe089df1d10
Pipistrellus pipistrellus,0.776,0.827,1.3595,1.3657,,e76e5997-e05c-419b-878a-f95e3b229931
Pipistrellus pipistrellus,0.701,0.707,1.5455,1.552,,e9a7add5-24a0-4766-835d-9e702ba9cbaf
Rhinolophus hipposideros,0.687,0.687,2.3575,2.408,,5a065d40-c7a1-46f2-80d0-46c1b33ec562
Rhinolophus hipposideros,0.657,0.657,2.5375,2.5839,,b839243b-5f0a-43ac-bb3b-711b5e159dc7
Rhinolophus hipposideros,0.635,0.635,2.7055,2.7534,,0aed6e45-0b32-4411-8a8f-f9badb90271d
Rhinolophus hipposideros,0.633,0.633,2.8005,2.85,,034d0fb9-eaf3-4863-b735-042b57e39f14
Rhinolophus hipposideros,0.66,0.66,2.8895,2.9387,,09e56610-92f4-4e00-8891-ae85d53de849
Rhinolophus hipposideros,0.66,0.66,2.9695,3.0208,,7b24580d-a901-4b58-86aa-1230aba91e83
Pipistrellus pipistrellus,0.741,0.774,0.0325,0.0392,,406e3767-65f3-48be-af56-a5b357fe2e47
Pipistrellus pipistrellus,0.65,0.746,0.1255,0.1326,,a612ce89-6923-4419-8c0c-c27c3d8ff6ea
Pipistrellus pipistrellus,0.723,0.739,0.2975,0.3031,,ead9f4d4-1503-483d-b38a-5d2f6e6fb20f
Pipistrellus pipistrellus,0.66,0.736,0.3885,0.3968,,ed89837b-bc65-4f55-8e6e-21a0b6949158
Pipistrellus pipistrellus,0.638,0.699,0.5505,0.5569,,8253c9a7-a377-45d1-be3d-d5bf4756e721
Pipistrellus pipistrellus,0.613,0.681,0.7435,0.7509,,8f5c55f9-22dd-4196-a841-3f92947f9aef
Pipistrellus pipistrellus,0.728,0.743,0.8255,0.8312,,a6d71cd0-6080-4139-8272-3919b4c20561
Pipistrellus pipistrellus,0.685,0.702,0.9205,0.9262,,f861a447-1b0c-49b2-b48d-01bdd87e16ec
Pipistrellus pipistrellus,0.641,0.653,1.1175,1.1225,,bd7a5279-6c28-47f2-a1ed-358b4ce95079
Pipistrellus pipistrellus,0.705,0.714,1.3805,1.3856,,be3c9a5a-3509-46d2-af8c-c2b0a75262b8
Pipistrellus pipistrellus,0.652,0.66,1.4655,1.4709,,2471d157-74ee-4cda-9e56-be38b8dec9f1
Pipistrellus pipistrellus,0.699,0.704,1.5625,1.5687,,44df84ef-34af-4486-a176-3c90e7186591
Pipistrellus pipistrellus,0.668,0.693,1.7435,1.7497,,6f9592b7-9183-49ac-a0f5-7c39060a0cc5
Pipistrellus pipistrellus,0.715,0.727,1.8055,1.8128,,f151ea55-b09c-44e4-8454-67ddf4060ad7
Pipistrellus pipistrellus,0.703,0.72,1.8935,1.9006,,0a8ff062-dfd6-476a-add2-b7a5bcd14275
Pipistrellus pipistrellus,0.702,0.713,2.0755,2.082,,6d3fef4c-e360-4463-8457-0e2a79dce25d
Pipistrellus pipistrellus,0.682,0.705,2.3495,2.355,,832f4aa1-a3e5-490d-bcf4-93681e8b010f
Pipistrellus pipistrellus,0.6,0.604,2.5435,2.5501,,64be9a5c-8573-45c8-95a7-4d89314e8211
Rhinolophus hipposideros,0.629,0.629,0.0535,0.0895,,923fc161-77ba-4a97-82be-63112450dc84
Rhinolophus hipposideros,0.623,0.623,1.5125,1.5532,,4a03e3ba-9286-4f4e-a854-6d25c29bb280
Rhinolophus ferrumequinum,0.657,0.657,2.2475,2.301,,bc7f1a12-2a5c-4382-8d0f-ebb0aa1f22a8
Pipistrellus pipistrellus,0.634,0.65,2.6005,2.6067,,a753dd77-b66d-4d75-80d1-ce68d048271f
Pipistrellus pipistrellus,0.72,0.739,2.8605,2.8665,,6dd6db15-5e7a-4e38-a5ca-ff2361727c0b
Myotis nattereri,0.653,0.691,0.0415,0.0462,,d9f07143-5571-4ff0-91d9-9ea50d088bb6
Myotis nattereri,0.614,0.641,0.1095,0.1146,,87753161-a15e-4f31-89ca-a0c83630c546
Myotis nattereri,0.635,0.668,0.1645,0.1701,,bb00054d-4324-4925-8c5e-c40abafa3624
Myotis nattereri,0.612,0.636,0.2345,0.2391,,069ce012-9b9c-4843-a3c1-8cd2306b33f1
Myotis nattereri,0.657,0.696,0.7655,0.77,,04b0f2fd-60f7-4f53-ae29-67c3dfae80a0
Myotis nattereri,0.668,0.755,0.8445,0.8492,,5165d613-45c8-4aa9-84da-db997ae1c82d
Myotis nattereri,0.649,0.703,0.9255,0.9301,,811f124d-afe5-4a0d-aabf-e7c51c0c66c1
Myotis nattereri,0.647,0.689,1.0165,1.0213,,a5a5989f-b6bd-42ff-a726-0c721d533a9f
Myotis nattereri,0.609,0.649,1.2315,1.2362,,4e59dac9-447c-4439-9c55-b71004dec87d
Myotis nattereri,0.62,0.653,1.3115,1.3161,,076bee37-568a-4269-82ff-61b2866365fe
Myotis nattereri,0.619,0.662,1.3905,1.3952,,ac47efdc-f419-4b33-b711-e88cbdf8f83f
Myotis nattereri,0.61,0.647,1.7295,1.7327,,4b39eea3-dadc-47f7-b122-da5847eb7f38
Myotis nattereri,0.609,0.646,1.8655,1.8691,,5b64de01-e45e-4419-b896-1dbebc90eb02
Myotis nattereri,0.611,0.638,2.0655,2.0695,,c7807ebf-3a78-44e6-8104-d6e5e529df29
Myotis nattereri,0.648,0.707,2.7335,2.7381,,a9a34a1f-2505-476a-8796-614ea30716f5
Pipistrellus pipistrellus,0.704,0.723,0.0675,0.0728,,02138616-0a49-4170-bb23-a5c126cf1492
Pipistrellus pipistrellus,0.734,0.741,0.1625,0.1684,,b4268163-bfe3-4392-9c8b-8999cfe5a98d
Pipistrellus pipistrellus,0.634,0.64,0.2475,0.2553,,6be94c7d-091a-455d-b3b3-c588720ab58c
Pipistrellus pipistrellus,0.681,0.689,0.3305,0.337,,01832a1d-4010-4fab-9c95-eb2313e6b01d
Pipistrellus pipistrellus,0.655,0.662,0.4195,0.4246,,f0edfced-1e22-46ab-ab91-22fb8a546a2f
Pipistrellus pipistrellus,0.646,0.662,0.5125,0.5186,,a38ee35d-a2ed-4865-b9c3-9fdb6768c4b7
Pipistrellus pipistrellus,0.66,0.672,0.7075,0.7129,,17b449cf-7bef-43bb-9c61-1c29777a94cf
Pipistrellus pipistrellus,0.701,0.715,0.8845,0.8902,,807240e0-05c6-4276-aa03-2353927ff1d7
Pipistrellus pipistrellus,0.622,0.629,0.9845,0.9909,,8dd7bac3-d386-4fff-836f-7606714bb7eb
Pipistrellus pipistrellus,0.742,0.758,1.2805,1.2869,,7b7a020b-b213-4a70-a867-3a14702c81cf
Pipistrellus pipistrellus,0.752,0.768,1.4695,1.4755,,5a579675-877c-4e5f-83cb-84e1272d3851
Pipistrellus pipistrellus,0.64,0.647,1.5495,1.5563,,43dd5e86-ecab-49d6-8c53-895def86d750
Pipistrellus pipistrellus,0.654,0.664,1.7375,1.7449,,1dac8083-6ce8-4da4-8ad9-f7447ba66a03
Pipistrellus pipistrellus,0.635,0.65,2.4895,2.4973,,347a504d-2294-455e-ba6a-98e1d3c0fc58
Pipistrellus pipistrellus,0.619,0.627,0.0235,0.0311,,2f3f2074-8c0b-4587-aa6c-320c0a26e986
Pipistrellus pipistrellus,0.708,0.712,0.1095,0.115,,6d3df76e-c9e7-4a55-a181-d96b866f7154
Pipistrellus pipistrellus,0.705,0.718,0.1945,0.2005,,e5d824af-5675-4fdf-88ee-c97cc914456f
Pipistrellus pipistrellus,0.733,0.748,0.2795,0.2863,,4fc72549-5e63-4a95-ba0b-ba1541607de2
Pipistrellus pipistrellus,0.767,0.778,0.3675,0.3735,,dfaf2015-d95e-48ef-a936-a3b640a19ec9
Pipistrellus pipistrellus,0.722,0.772,0.4525,0.4594,,a3d41d1a-c2ae-45f4-9f23-c73d9fbc2d51
Pipistrellus pipistrellus,0.722,0.726,0.5415,0.5474,,f1458687-5cbf-4ed2-a37c-da5bce1b4371
Pipistrellus pipistrellus,0.791,0.812,0.6315,0.6392,,a9b280ab-fa82-483d-8172-c16b7d9d680b
Pipistrellus pipistrellus,0.754,0.763,0.7245,0.7308,,1fe4df6b-83a3-4d81-a592-75865373652c
Pipistrellus pipistrellus,0.792,0.8,0.8035,0.8096,,58cb50a4-40fd-48e3-bdaf-d2c8c1fa58c3
Pipistrellus pipistrellus,0.744,0.798,0.8915,0.8982,,ec521a2e-3948-4e36-918e-88b5e0ae6c71
Pipistrellus pipistrellus,0.646,0.674,0.9845,0.9913,,9a42fe53-2570-43bc-b300-48a4cf89a6ad
Pipistrellus pipistrellus,0.775,0.781,1.0845,1.0908,,3fc4e693-2a1f-4c83-9170-c0cd297a8766
Pipistrellus pipistrellus,0.699,0.717,1.3515,1.3588,,6d70fa21-20fd-4e06-bd80-89b6ef63e6b3
Pipistrellus pipistrellus,0.632,0.639,1.4385,1.4446,,67cc31ef-7e36-4628-b0d2-70865d198def
Pipistrellus pipistrellus,0.773,0.784,1.5225,1.5277,,d9a55f54-e772-485a-b9cd-d186784657e8
Pipistrellus pipistrellus,0.669,0.677,1.6065,1.6141,,32a8f509-7ba7-46d4-b529-34fef329adb0
Pipistrellus pipistrellus,0.68,0.696,1.6985,1.7049,,acec9dc5-3ae0-4aab-9e92-2829cf2fefd7
Rhinolophus hipposideros,0.637,0.637,2.6375,2.6809,,6837fd37-d205-4d64-87a4-362b3e53303f
Rhinolophus hipposideros,0.6,0.6,2.7765,2.8187,,c58acc9d-b27b-469c-b464-1d51d7941d60
Pipistrellus pipistrellus,0.698,0.72,2.8045,2.8103,,f21e8645-dddf-45e8-8651-e748d0e5aaee
Pipistrellus pipistrellus,0.728,0.755,2.8805,2.8869,,4881d848-12da-4032-bbb1-861728ad572b
Pipistrellus pipistrellus,0.767,0.8,2.9615,2.9682,,6f50800b-ea80-41bb-972b-2b6457f5648a
Rhinolophus ferrumequinum,0.601,0.601,1.2155,1.2703,,5ce7db60-03d2-42bb-86df-0ddcdd51a8cd
Rhinolophus hipposideros,0.604,0.604,1.2185,1.2604,,f89a1943-7821-46ea-ad9c-be34df0d14ff
Rhinolophus hipposideros,0.636,0.636,1.2785,1.3222,,eccf48cf-cd33-4120-a003-32581765ca2a
Rhinolophus hipposideros,0.642,0.642,1.4765,1.5219,,2846d36f-2805-4d8a-bea6-3259f51b7348
Rhinolophus hipposideros,0.66,0.66,1.9365,1.9816,,a7a8973c-cb12-4cbe-bdd7-eac19992ee27
Rhinolophus hipposideros,0.677,0.677,2.0055,2.0516,,3b2bce8b-1e24-4e9b-8ab5-214810d68e2f
Rhinolophus hipposideros,0.606,0.606,2.4755,2.5192,,9dbb4301-caa8-4e7f-9255-ecd8a1870398
Rhinolophus ferrumequinum,0.618,0.618,2.9025,2.951,,7ff56dac-6282-43cd-a40c-51f1533b6960
Pipistrellus pipistrellus,0.74,0.753,0.0435,0.0488,,23f94584-c03a-45e4-86d0-1104ab565e26
Pipistrellus pipistrellus,0.723,0.736,0.1295,0.1361,,3d282981-b71e-4127-ad49-f016562f7164
Pipistrellus pipistrellus,0.812,0.82,0.1775,0.1829,,cff7653e-4f99-4a0a-a3ce-06a7668eff3e
Pipistrellus pipistrellus,0.798,0.804,0.2185,0.2237,,fa51ef76-d082-49f1-accc-7b1674879af1
Pipistrellus pipistrellus,0.642,0.648,0.2555,0.2601,,94819427-d03e-4454-9544-1e2ac7e37857
Pipistrellus pipistrellus,0.753,0.762,0.7845,0.7908,,c5221648-fcc1-49d3-888c-f0b2aebc3a38
Pipistrellus pipistrellus,0.721,0.726,0.8615,0.8671,,4a07445f-bf6e-4e82-8000-c78c7d728f7a
Pipistrellus pipistrellus,0.745,0.762,0.9635,0.9699,,75c8b943-86b1-4d7a-b4df-de44065c902e
Pipistrellus pipistrellus,0.792,0.796,1.0655,1.0712,,d09e8803-6802-4d80-9262-f3342e6fdd7e
Pipistrellus pipistrellus,0.799,0.805,1.1515,1.1575,,96f6e305-36ad-4d3e-9acb-ad262f54aa8d
Pipistrellus pipistrellus,0.78,0.787,1.2325,1.2396,,c032085b-d4f1-4549-b368-ce40ffba9fab
Pipistrellus pipistrellus,0.78,0.789,1.3205,1.3276,,631fd179-7ea4-46d2-8f42-fdc63ce9c2a8
Pipistrellus pipistrellus,0.771,0.796,1.4075,1.4148,,d33d25eb-5b50-4689-b30c-8be3789b1b2e
Pipistrellus pipistrellus,0.789,0.795,1.4935,1.4987,,aee9cff8-ea45-4fe0-aac3-1b2b96e31c83
Pipistrellus pipistrellus,0.789,0.793,1.5825,1.587,,cae8c9ee-26fb-4a39-972e-6ba3cd40989f
Pipistrellus pipistrellus,0.773,0.79,1.6695,1.6755,,fe1f2707-3a8b-4655-925b-60d26c36e8ce
Pipistrellus pipistrellus,0.775,0.783,1.7675,1.7737,,9f5794a7-20b2-403f-8d7a-bcb3e7d82646
Pipistrellus pipistrellus,0.769,0.774,1.8615,1.8662,,b45276f5-3629-4bef-a3c2-8f6906b6f9bb
Pipistrellus pipistrellus,0.719,0.733,1.9535,1.9587,,8ae91cd2-afa8-4220-8b07-287991b6f460
Pipistrellus pipistrellus,0.732,0.736,2.0455,2.0513,,7565b932-8967-4cb9-8356-c3295d3934be
Pipistrellus pipistrellus,0.754,0.763,2.1355,2.1404,,c3654253-e98f-48f4-97c7-6e8f8e1c5a90
Pipistrellus pipistrellus,0.729,0.741,2.3235,2.3287,,aef36dbb-ea54-400d-8d3d-a25e7ca593d2
Pipistrellus pipistrellus,0.696,0.701,2.4155,2.4213,,b68e14dd-82cf-468c-a4ef-a6f08388a39e
Pipistrellus pipistrellus,0.735,0.746,2.4965,2.5014,,f6a51b6b-5322-42b7-83f0-148971cd2ffe
Pipistrellus pipistrellus,0.706,0.713,2.6825,2.6879,,d3923957-dcae-4a26-bef5-a09b4fd06e25
Pipistrellus pipistrellus,0.698,0.705,2.7635,2.7693,,e44a365f-f61f-4534-8776-9d87ae75a33a
Pipistrellus pipistrellus,0.63,0.642,2.9575,2.9637,,816434be-fcb4-4fbe-ab8f-364d4a6e9b0d
Pipistrellus pipistrellus,0.64,0.655,0.9875,0.9956,,a67acde0-b4cf-4794-a223-7aef619d5dd7
Pipistrellus pipistrellus,0.656,0.683,2.5825,2.5906,,31fed063-a98f-4406-b06d-d80de01d4701
Pipistrellus pipistrellus,0.642,0.682,0.0785,0.0858,,8d44b1b3-0d50-4830-8469-971834b5790a
Rhinolophus hipposideros,0.633,0.634,1.8115,1.8517,,baddea19-a950-4aa2-b6e6-4fa2488aa561
Rhinolophus hipposideros,0.623,0.623,2.2705,2.3151,,ed4dba6b-b6f3-4239-a1f4-5563763a6790
Rhinolophus hipposideros,0.603,0.603,2.3675,2.4081,,c53bda71-4b84-4b6a-a35a-e18c8418fc38
Rhinolophus hipposideros,0.658,0.658,0.1095,0.1352,,d99df6ac-fc1a-40dd-a5fc-8389f6f5c73a
Rhinolophus hipposideros,0.608,0.609,0.4975,0.5154,,0d6a959d-61b4-411c-b743-fda3ff6ac9fa
Rhinolophus hipposideros,0.702,0.702,2.0505,2.0818,,980c951e-5d9c-47f4-99bb-8f7a704df07a
Rhinolophus hipposideros,0.626,0.626,2.2255,2.2682,,7d3d90ae-87d6-4dd6-9993-2f2eb8b22e50
Rhinolophus hipposideros,0.641,0.641,0.0665,0.1107,,feb5ab5b-07fb-420c-8396-0939f517ff9b
Rhinolophus hipposideros,0.677,0.677,0.2165,0.2607,,8fad8493-406f-4e52-ab11-4e5759929369
Rhinolophus hipposideros,0.621,0.621,0.5985,0.6434,,6a00e399-594c-4127-b0bf-71e092a4e47a
Rhinolophus hipposideros,0.726,0.726,0.6715,0.717,,b96dfffc-8e05-46b6-836a-2ea0b1626124
Rhinolophus hipposideros,0.787,0.787,0.9155,0.968,,e074a006-4a8c-45aa-8db0-b2cf02c638a6
Rhinolophus hipposideros,0.731,0.731,0.9885,1.0386,,3465d8d3-e288-4364-9c11-5d4b010bf807
Rhinolophus hipposideros,0.645,0.645,1.6235,1.6735,,880c1162-cb98-4895-ad85-3a21e3728116
Rhinolophus hipposideros,0.719,0.719,1.7025,1.7554,,dbaf5ec1-f6d7-4195-b917-61e96d34ca9d
Rhinolophus hipposideros,0.731,0.731,1.7795,1.8309,,8a20d48e-e9fc-4646-a7d6-e3f1f0edc965
Rhinolophus hipposideros,0.719,0.719,1.8585,1.9104,,e0f4009b-f238-4474-bce5-92df8c2ecae7
Rhinolophus hipposideros,0.774,0.774,1.9465,2.0008,,0d6ace29-0b5a-4dcc-b2fa-537102ce8aca
Rhinolophus hipposideros,0.73,0.73,2.1195,2.1695,,32d22cb8-d8df-49ee-92c2-37ce824da240
Rhinolophus hipposideros,0.747,0.747,2.2025,2.2562,,abffbec2-40d1-4b0c-9edd-1e934f279f8d
Rhinolophus hipposideros,0.799,0.799,2.2835,2.3349,,8dc820c3-33ab-48a1-aeb6-7ad5b198d113
Rhinolophus hipposideros,0.663,0.663,2.7075,2.7557,,81bb956a-25c3-4fcb-a771-0c1b673d8616
Rhinolophus hipposideros,0.7,0.7,2.7965,2.8432,,b457a400-32af-4479-bbb3-6f1a9ea463b3
Pipistrellus pipistrellus,0.638,0.688,1.3845,1.3888,,ef492c41-4685-4266-bc45-aac54e266d71
Pipistrellus pipistrellus,0.651,0.729,1.5665,1.5715,,fdc4d78d-eb7f-47e3-92e7-dca2103267ac
Pipistrellus pipistrellus,0.727,0.757,0.0555,0.0609,,60154104-a7a1-4c67-9a63-57e32ea21190
Pipistrellus pipistrellus,0.744,0.767,0.1465,0.1534,,1f91e47a-14f8-4429-bcd7-d64753544f7c
Pipistrellus pipistrellus,0.754,0.768,0.2385,0.2447,,51ee8159-e1af-4eae-a3ce-e7698864c738
Pipistrellus pipistrellus,0.777,0.811,0.3175,0.3235,,6c337c2b-179c-4de8-b77c-998da6a5883a
Pipistrellus pipistrellus,0.772,0.786,0.4175,0.4232,,9d9ccd42-7861-4acf-a216-ec6c2d4c70bb
Pipistrellus pipistrellus,0.698,0.709,0.5135,0.5196,,612f7f16-b148-4a20-bbbb-9f39ccd9d398
Pipistrellus pipistrellus,0.756,0.77,0.6045,0.6114,,252b044a-e74a-435e-a2f8-663bf36b9ee2
Pipistrellus pipistrellus,0.66,0.7,1.4855,1.4932,,ee8274cb-a9b4-49eb-9665-f9452599cf5f
Pipistrellus pipistrellus,0.731,0.742,0.5305,0.5359,,c74f5f61-3fcc-4024-9be9-7e460ac1b850
Pipistrellus pipistrellus,0.695,0.701,0.6235,0.6288,,0bda0578-33b4-40eb-82d6-803325ebfdec
Pipistrellus pipistrellus,0.733,0.746,0.7155,0.7207,,ad2342fc-8cdd-4692-b613-226434d9c805
Pipistrellus pipistrellus,0.733,0.747,0.8065,0.8124,,06dc0c9d-20ac-408d-8965-4e8765b7bd10
Pipistrellus pipistrellus,0.779,0.786,0.9015,0.9064,,96a19d2d-a180-405b-b8e4-ee5d3e526091
Pipistrellus pipistrellus,0.771,0.777,0.9845,0.9901,,a0230ff6-bf7e-4512-9146-9be619d95009
Pipistrellus pipistrellus,0.787,0.791,1.0645,1.0698,,df0ede0d-7d10-48f0-b5b2-1d007d934b76
Pipistrellus pipistrellus,0.662,0.675,1.1365,1.1409,,ad14a96f-1550-4487-a9d6-f00f31e443ef
Pipistrellus pipistrellus,0.657,0.666,1.2135,1.2194,,89555032-c959-4824-8326-9e5f8b134e9b
Pipistrellus pipistrellus,0.656,0.664,1.2865,1.2918,,11a31472-d524-4d48-930e-247295f2477c
Pipistrellus pipistrellus,0.727,0.736,1.3605,1.3651,,378b4066-5667-41eb-ba17-6faeb81f6c62
Pipistrellus pipistrellus,0.709,0.715,1.4425,1.4482,,d059f95c-a35a-4bec-b760-c226801b6d04
Pipistrellus pipistrellus,0.733,0.738,1.5395,1.5445,,c30c902c-707e-4edc-a999-38392930e317
Pipistrellus pipistrellus,0.77,0.775,1.6255,1.6307,,5eac175b-67f0-4242-8d8b-825964b6df03
Pipistrellus pipistrellus,0.808,0.811,1.7375,1.7431,,2683a52d-a22b-4435-8c8d-ac97a67fc227
Pipistrellus pipistrellus,0.808,0.815,1.8365,1.8424,,76f5c332-0aad-4e39-b63a-88ec7429d25e
Pipistrellus pipistrellus,0.795,0.8,1.9265,1.9326,,1a5ce57a-594a-4f73-a61b-a51207f96364
Pipistrellus pipistrellus,0.786,0.796,2.0115,2.0174,,fa2c053e-7b2e-4b74-805b-9a2c0d9725ed
Pipistrellus pipistrellus,0.838,0.844,2.0965,2.1028,,571301d7-5bdd-466f-81f1-23cf6990d7c1
Pipistrellus pipistrellus,0.813,0.819,2.1845,2.19,,9ac40238-af6e-4b22-95e0-d530e8a893c0
Pipistrellus pipistrellus,0.759,0.762,2.2675,2.2731,,0a78e2cb-3b86-4140-85b9-2169dd82cc11
Pipistrellus pipistrellus,0.793,0.796,2.3465,2.3527,,49b2e4c2-187f-404e-aa47-67fd943fb69a
Pipistrellus pipistrellus,0.789,0.8,2.4155,2.4222,,532f707f-bb6b-479b-ae2f-3b6bf9f41e23
Pipistrellus pipistrellus,0.74,0.802,2.4815,2.4893,,a38b7fb3-c1ef-4337-b4b5-e9f6c0dbb045
Pipistrellus pipistrellus,0.744,0.776,2.5545,2.5606,,412246f3-827d-40ba-8373-ce1f085abe0e
Pipistrellus pipistrellus,0.773,0.801,2.6335,2.6402,,8d9ede67-65f3-4c2d-8144-7ecd458a035c
Pipistrellus pipistrellus,0.786,0.792,2.7145,2.7207,,28203a7c-2535-4585-9692-1926a7cb6031
Pipistrellus pipistrellus,0.739,0.745,2.7985,2.8036,,42d5141a-5894-40d0-bf59-c05e601f548c
Pipistrellus pipistrellus,0.712,0.72,2.8765,2.8829,,59a9dccd-6e31-4bc8-b3a3-4b5516bdeb5e
Pipistrellus pipistrellus,0.747,0.754,2.9515,2.9568,,08278e66-e0b1-4e36-9e83-57d0ed2b11f1
