Rhinolophus hipposideros,0.547,0.547,0.0375,0.0644,,39e63cbb-0a71-4109-82bf-d83eee967837
Rhinolophus hipposideros,0.562,0.562,0.2785,0.3111,,ca7bccd6-e652-45d4-b988-fe2969bd7c31
Rhinolophus hipposideros,0.511,0.511,0.4755,0.5121,,9bc93593-415e-4768-b1b5-9b3f65d29c42
Rhinolophus hipposideros,0.501,0.501,0.5575,0.5867,,49a4697c-9fac-4b1a-8ce0-3c45e0bc7343
Rhinolophus hipposideros,0.557,0.557,1.5415,1.5707,,7dd785f8-4223-4970-bf57-6d0f53b85573
Pipistrellus pipistrellus,0.711,0.753,0.0455,0.0511,,c4463117-3376-46dd-bdfc-e7dd8ae5ea8c
Pipistrellus pipistrellus,0.666,0.806,0.1065,0.1137,,14264e4e-795e-4fc3-b4df-17dd1f25a473
Pipistrellus pipistrellus,0.635,0.772,0.1955,0.2028,,1913ded6-bd7c-493c-a5d5-c6067512991d
Pipistrellus pipistrellus,0.69,0.807,0.2755,0.2826,,62b79e00-0adb-410b-b4ba-b7105e6cd5dd
Pipistrellus pipistrellus,0.711,0.788,0.3725,0.3801,,c66cc3e1-d3b1-4a1c-9516-6b47f0e58fc4
Pipistrellus pipistrellus,0.741,0.819,0.4565,0.4629,,52858b80-33e5-43c9-a333-903b4d5fcb5c
Pipistrellus pipistrellus,0.431,0.634,0.5545,0.5629,,47ca750d-7cf1-4c3f-82dd-c4f63d5464b5
Pipistrellus pipistrellus,0.533,0.714,0.6525,0.6611,,b846a59e-28ba-4dd1-84c1-86051e45e9ab
Pipistrellus pipistrellus,0.628,0.721,0.8325,0.8402,,cb220655-55f5-4b68-a17e-b2d38061bf5d
Pipistrellus pipistrellus,0.478,0.615,0.9315,0.9398,,9142e67f-64f3-491a-98b0-6e30106fcd43
Pipistrellus pipistrellus,0.629,0.723,1.0325,1.0399,,c0a33321-9920-443b-b537-27b601b58144
Pipistrellus pipistrellus,0.545,0.677,1.2175,1.2263,,e21dfe00-adea-4fbe-b534-778a851c665f
Pipistrellus pipistrellus,0.598,0.649,1.3205,1.3291,,4ed01367-8c03-4833-8a80-abc7743acfd7
Pipistrellus pipistrellus,0.477,0.61,1.4205,1.4287,,bccfe3f2-0cd6-4bd6-ac33-112d9c837308
Pipistrellus pipistrellus,0.52,0.627,1.6065,1.6149,,17e67854-5bb3-4ea8-a78a-7989a2a616c6
Pipistrellus pipistrellus,0.463,0.507,1.9955,2.0062,,ea6a3b4a-9a44-4b5f-a549-11e01ce7656e
Pipistrellus pipistrellus,0.376,0.512,2.2705,2.2823,,f874abaf-820d-4f33-9757-8c6874306720
Rhinolophus hipposideros,0.522,0.522,0.6935,0.731,,1c92e458-f992-4e10-ad6a-7afdf7b75936
Rhinolophus hipposideros,0.503,0.503,0.7755,0.8138,,308a7660-8467-408c-8ef7-2e9aa92e0f56
Rhinolophus hipposideros,0.666,0.666,0.8525,0.8947,,fd6e56ac-0f3d-4495-a53b-35c880763247
Rhinolophus hipposideros,0.523,0.523,0.9345,0.9702,,a8087402-9749-45e5-bd7a-307e75b48d5f
Rhinolophus hipposideros,0.553,0.553,1.0165,1.0536,,9f1400f0-63ee-41e9-9762-381a0955286f
Rhinolophus hipposideros,0.563,0.563,1.0885,1.125,,57860443-ee3e-4c24-9fcf-23ac47bf71d9
Rhinolophus hipposideros,0.609,0.609,1.1645,1.2085,,c7d7c846-b3a3-4fb8-a5fd-eaa4c8c8a9e9
Rhinolophus hipposideros,0.512,0.512,2.0125,2.0517,,6c0ab712-ef95-4156-a603-0aa3fed152c1
Rhinolophus hipposideros,0.519,0.519,0.1755,0.2063,,29d6418f-49a2-4d22-a6ee-8b9e34c7233a
Rhinolophus hipposideros,0.56,0.56,0.2015,0.2325,,7effce25-91b2-41bc-85c8-8938a9cdd70e
Rhinolophus hipposideros,0.531,0.531,0.2395,0.2761,,e71300e2-d0ed-4b5b-9cf8-be9466b3a009
Rhinolophus hipposideros,0.62,0.62,0.2985,0.3319,,87ad79ca-0c07-4b82-82de-5b2874289c5d
Rhinolophus hipposideros,0.542,0.542,0.3175,0.3401,,cf97efd0-b46d-4423-ac77-866de27a5107
Rhinolophus hipposideros,0.52,0.521,0.3385,0.3558,,35646b35-ae38-4745-90c7-6f35fdbf7d7c
Rhinolophus hipposideros,0.522,0.522,0.3815,0.4158,,eb5a0d1a-4c5d-401f-bbc9-b55a53c19ee0
Rhinolophus hipposideros,0.597,0.597,0.5425,0.5773,,11d5c1c8-0379-4256-923c-7b4b95800834
Rhinolophus hipposideros,0.639,0.639,0.6255,0.6608,,ca1ff5ac-775c-47ee-846a-7b0477fa0e5a
Rhinolophus hipposideros,0.61,0.61,0.6505,0.672,,2404e417-8d27-451c-b637-c410e60af77f
Rhinolophus hipposideros,0.619,0.619,0.7035,0.743,,d5f09e1e-66f2-44a8-b12e-69810c4926d4
Rhinolophus hipposideros,0.517,0.517,0.8015,0.8379,,10c579b3-d1e2-4868-8e9b-ff46c96f5779
Rhinolophus hipposideros,0.557,0.557,0.8915,0.9256,,a6160463-5cf2-4482-935f-3dc6769da26b
Rhinolophus hipposideros,0.556,0.557,0.9335,0.9543,,c833034f-b02a-42fa-ab1b-5e087e217414
Rhinolophus hipposideros,0.604,0.604,1.0055,1.0347,,bb181dd0-b48b-45cb-9f10-a29ff7cf7ca3
Rhinolophus hipposideros,0.571,0.571,1.1245,1.1569,,de53d39c-5fe6-41ac-a273-ac5f3335fd86
Rhinolophus hipposideros,0.578,0.578,1.2425,1.2762,,5ccd38e4-016b-4274-9ec9-a31cb9eb7fde
Rhinolophus hipposideros,0.593,0.593,1.3255,1.357,,4bdfb87e-29e5-4dab-84f4-688678d7fc51
Rhinolophus hipposideros,0.568,0.568,1.4175,1.4458,,77487753-0af0-46da-a6f6-5419576a3860
Rhinolophus hipposideros,0.621,0.621,1.5865,1.616,,b6b8ad61-55bf-4833-912e-386acd7baece
Rhinolophus hipposideros,0.61,0.61,1.7275,1.7541,,7fba4485-f234-40f0-bdee-dc6aefd76f6d
Rhinolophus hipposideros,0.553,0.554,1.8125,1.8416,,e1b028fa-b9bf-4c8c-9f37-fd2e2b1e6acf
Rhinolophus hipposideros,0.664,0.664,2.0045,2.0409,,17106c5f-9016-4b48-8024-e2386d14a6b6
Rhinolophus hipposideros,0.507,0.507,2.0365,2.0604,,91da35f9-6ce8-4e0a-9505-36248bccc4ec
Rhinolophus hipposideros,0.508,0.508,2.0705,2.0929,,fc6ba95d-dddc-4cfc-9674-94d286fa3694
Rhinolophus hipposideros,0.64,0.64,2.1325,2.1656,,60a6457d-06c4-4886-834b-3bd4523055d7
Rhinolophus hipposideros,0.616,0.616,2.2205,2.2548,,fb69ab60-2ae4-4bcd-95ea-e4e3ee67ed73
Rhinolophus hipposideros,0.704,0.704,2.5685,2.6042,,88fc38c3-ae40-40c0-97c6-21d9c3f8e801
Rhinolophus hipposideros,0.684,0.684,2.6725,2.7022,,b9ea3509-7e82-495c-b160-f4ea8479e699
Rhinolophus hipposideros,0.547,0.547,2.7655,2.8008,,223f9559-f49a-49bb-a45b-eed32e091ece
Rhinolophus hipposideros,0.502,0.502,2.8655,2.9004,,f926c123-6a73-4c4e-abd6-bf68b17c90bd
Rhinolophus hipposideros,0.653,0.654,2.9555,2.9856,,512f4b92-dd34-44ee-921d-e215f5f73996
Rhinolophus hipposideros,0.587,0.587,2.9865,3.0199,,642077ee-5021-4206-986a-dfb3e1801902
Pipistrellus pipistrellus,0.722,0.731,1.5785,1.5855,,0843f6a5-dea4-417c-82fe-4d108542f8ab
Pipistrellus pipistrellus,0.754,0.801,1.6635,1.6698,,f8f39ded-87fd-4364-b32f-c805c35a9bd5
Pipistrellus pipistrellus,0.765,0.79,1.7345,1.7404,,8344695a-729d-4e07-bcc3-aade6d215d77
Pipistrellus pipistrellus,0.802,0.822,1.8315,1.8377,,ce6cd32e-10b4-448d-a16b-46b262de9643
Pipistrellus pipistrellus,0.8,0.805,1.9205,1.9263,,a59bc277-0a58-4be3-885d-0ce70ef80e7e
Pipistrellus pipistrellus,0.757,0.775,2.0095,2.0154,,18824e5a-070f-45f6-9aeb-92d68e5b80b5
Pipistrellus pipistrellus,0.731,0.736,2.0885,2.0936,,4a992b56-3a2e-4539-8e73-bc3ad9bf671e
Pipistrellus pipistrellus,0.788,0.794,2.2285,2.2345,,259d304c-59f5-4345-be6b-034d98588a53
Pipistrellus pipistrellus,0.759,0.806,2.2735,2.2792,,8b575f74-a2d3-4892-8611-1be8716804f1
Pipistrellus pipistrellus,0.801,0.811,2.3705,2.3768,,a9d09f1d-6a6b-4423-b356-f12474915e6b
Pipistrellus pipistrellus,0.771,0.785,2.4585,2.4651,,02226390-c218-4a1f-8304-9c473b961558
Pipistrellus pipistrellus,0.761,0.804,2.5445,2.5509,,319d5bfb-f1c2-4f87-bcda-f07f3d1b4d01
Pipistrellus pipistrellus,0.693,0.789,2.6025,2.6091,,a9eb8eba-abe6-4b51-b6e0-f370301ccd5f
Pipistrellus pipistrellus,0.773,0.794,2.6565,2.6627,,abdf9bd2-78af-4a83-a3e7-5d23b53bc13d
Pipistrellus pipistrellus,0.769,0.777,2.8145,2.8199,,8082ca5f-abd8-4825-adc1-d285e10ccce5
Nyctalus leisleri,0.428,0.516,1.3785,1.3912,,05cec611-587c-4ad2-8de7-d3d1064c8824
Rhinolophus hipposideros,0.55,0.55,1.3475,1.3884,,7b95e874-7a45-4d9a-a2e6-360ab3f10a98
Rhinolophus hipposideros,0.567,0.567,1.4325,1.4715,,39348aa0-5b28-4fc4-a5e1-c7711d3987ca
Rhinolophus hipposideros,0.526,0.526,2.0315,2.07,,c8ef034f-22cf-45de-8188-d3388ed16d78
Rhinolophus hipposideros,0.529,0.529,1.1475,1.1838,,af09a5d5-9c7f-4315-84c8-b664c93f05ec
Nyctalus leisleri,0.247,0.511,0.3115,0.327,,9e44045f-4764-4c54-abc0-aec73ee9d4aa
Rhinolophus ferrumequinum,0.511,0.511,0.3885,0.446,,28da65dc-a198-4bbc-b854-8330c73e6f6a
Rhinolophus hipposideros,0.612,0.612,0.3885,0.4355,,51afb36e-97ce-421a-97b0-d2d0e56ce2ac
Rhinolophus hipposideros,0.526,0.526,2.0865,2.13,,fc4ea618-e039-420e-b693-c14fbfd3bd31
Rhinolophus hipposideros,0.501,0.501,2.5755,2.617,,ef9a7824-87e0-4582-ab60-70503a9dcf4d
Rhinolophus ferrumequinum,0.533,0.533,2.7225,2.7792,,32c82ec0-8db2-473c-9a64-12b0772ba86f
Rhinolophus ferrumequinum,0.512,0.512,0.0645,0.1224,,6d4d2111-d866-4a3a-a454-a2c5b4b4aeff
Rhinolophus hipposideros,0.702,0.702,0.0655,0.1169,,2ba18307-f4c2-47e8-bd7b-928478b9328b
Rhinolophus hipposideros,0.663,0.663,0.1585,0.2053,,92fa2c84-378a-4b50-9b8b-4b12f04da852
Rhinolophus hipposideros,0.64,0.64,0.2525,0.2962,,40f67ba6-dc87-4fcb-bd8d-681d661113cf
Rhinolophus hipposideros,0.682,0.682,0.3465,0.3954,,4ecff55c-d6de-4b68-b25c-5ffc4af76942
Rhinolophus hipposideros,0.624,0.624,0.4375,0.4828,,5ec5d458-8660-45e9-8ce0-f03e02e4d6e0
Rhinolophus hipposideros,0.707,0.707,0.5135,0.5628,,d7afbb38-c539-47ad-88a4-123a456a489b
Rhinolophus hipposideros,0.803,0.803,0.6585,0.7093,,10cbae08-cedb-4088-92a7-b9ffdd8c0a01
Rhinolophus hipposideros,0.651,0.651,0.8185,0.8577,,47b0eab5-f7ef-4c50-a26e-da1c7ac185ab
Rhinolophus hipposideros,0.507,0.507,1.2645,1.3081,,1a656644-5562-4938-a8d6-95a09720de2c
Rhinolophus ferrumequinum,0.521,0.521,1.4585,1.5199,,d7454435-24fe-4839-be6f-00edc3a3bc2b
Rhinolophus hipposideros,0.674,0.674,1.4585,1.5063,,10082df1-923a-4eab-95f4-b2267c85c93d
Rhinolophus ferrumequinum,0.511,0.511,1.5225,1.5748,,3893b935-2d97-49e8-bb7b-c2e6850eb089
Rhinolophus hipposideros,0.645,0.645,1.5235,1.5692,,b15f3ba4-7958-4d81-b229-b9182ce5a10f
Rhinolophus hipposideros,0.535,0.535,1.5615,1.6045,,bfb47636-b2b8-430d-ae50-1a2c37f2ff4a
Rhinolophus ferrumequinum,0.544,0.544,1.5625,1.6193,,6ba31e65-6fce-4a2a-98c3-120919096995
Rhinolophus ferrumequinum,0.51,0.51,1.6645,1.727,,233b63d8-79b8-421f-a274-c7b5183bb42a
Rhinolophus hipposideros,0.627,0.627,1.6665,1.7163,,1a64221c-000b-41f6-995e-46181be4985f
Rhinolophus ferrumequinum,0.525,0.525,1.7605,1.8218,,bc70f465-3afe-4575-9bee-f62d571e9489
Rhinolophus hipposideros,0.534,0.534,1.7625,1.8065,,c2bf6d30-7640-479f-a46a-30e2ff737977
Rhinolophus hipposideros,0.596,0.596,1.7875,1.8253,,36778797-3c67-45da-ba79-f0aec115d465
Rhinolophus ferrumequinum,0.521,0.521,1.8585,1.9207,,9145a4c7-1ca0-41a5-94f8-bcc272dde261
Rhinolophus hipposideros,0.651,0.651,1.8595,1.9098,,ff5fc07e-f004-46f2-8902-0083ab894e36
Rhinolophus ferrumequinum,0.536,0.536,2.0285,2.0847,,a6524c10-1010-4afa-a42d-1639d8b5adb7
Rhinolophus hipposideros,0.669,0.669,2.0285,2.0783,,5d40bc36-0d81-45c1-803e-9c66e031d2f8
Rhinolophus ferrumequinum,0.52,0.52,2.0965,2.1556,,dc8c0603-0316-48e4-8bdc-75a65bfd987c
Rhinolophus hipposideros,0.692,0.692,2.0975,2.1486,,deaeda6c-80e6-495b-b6c3-fc938a2f5222
Rhinolophus hipposideros,0.623,0.623,2.1855,2.2318,,ca5c2b4e-26a0-4354-b6af-182a5923b3ac
Rhinolophus ferrumequinum,0.524,0.524,2.2735,2.3357,,cb410373-5d7a-4bf6-9d7f-c4412f48c149
Rhinolophus hipposideros,0.692,0.692,2.2735,2.3241,,b2ad7c14-4e0c-4111-ad2a-186a7a76d44b
Rhinolophus hipposideros,0.707,0.707,2.3505,2.4001,,c0956567-fa0e-4c57-8d09-b5a785ba6e8a
Rhinolophus hipposideros,0.686,0.686,2.4245,2.4754,,e38a90fb-3d44-4c56-800e-edc54d49aa19
Rhinolophus hipposideros,0.766,0.766,2.4995,2.5505,,8427aaa0-3217-42d0-9fa3-ed95ba5cb1ac
Rhinolophus hipposideros,0.799,0.799,2.5795,2.6297,,8fd801f3-9e5e-47c8-b4f5-61778bccd666
Rhinolophus hipposideros,0.631,0.631,2.6715,2.7218,,24584690-d504-492e-9ad9-040a868c8b5f
Rhinolophus ferrumequinum,0.5,0.5,2.6725,2.7319,,fa26883a-edd3-464d-8246-54f38d01755f
Pipistrellus pipistrellus,0.506,0.524,0.0215,0.0314,,623c2597-ec02-4a07-8e0d-eaa9d49c87aa
Pipistrellus pipistrellus,0.528,0.554,0.7915,0.7994,,ada5e6a9-decf-451f-961e-d18a263c06d4
Pipistrellus pipistrellus,0.637,0.652,1.0525,1.0604,,74402f6c-e16a-4373-875f-acf23a66bc5c
Pipistrellus pipistrellus,0.529,0.554,0.3735,0.3813,,e8907095-5696-4da2-a54b-aa06524571a7
Pipistrellus pipistrellus,0.543,0.562,0.4605,0.4675,,bff38640-9b92-4b34-a0bf-5e14d5532a84
Pipistrellus pipistrellus,0.658,0.686,2.5275,2.5348,,926dd3a1-5fb1-4222-a84f-ebb34ba55cf9
Pipistrellus pipistrellus,0.519,0.562,2.7045,2.716,,d9295032-b78e-4166-99e8-d4838817d115
Pipistrellus pipistrellus,0.501,0.524,2.9585,2.9655,,dbf4ace4-08e6-4335-9dd0-04ec97b84655
Pipistrellus pipistrellus,0.499,0.59,1.5605,1.5692,,94bc034c-299c-49b3-82e8-aa6ed29c9d71
Pipistrellus pipistrellus,0.508,0.538,1.6365,1.645,,7af704a9-2946-4f3f-82ae-ebf6a758f219
Pipistrellus pipistrellus,0.531,0.599,1.8855,1.8945,,cf6c483f-3312-498d-bbc8-0df854ffebf0
Myotis mystacinus,0.325,0.61,0.2875,0.2909,,ec4fe09b-89bc-4fd3-b601-f0e32d3b2bf4
Myotis mystacinus,0.298,0.554,0.3655,0.3693,,1b1b0f11-2d94-4ee3-8f67-3f95ea7209d7
Myotis mystacinus,0.231,0.631,0.4745,0.4789,,00923777-21a8-4b5f-a07d-ce9c2449701f
Myotis mystacinus,0.257,0.561,0.5425,0.5466,,99deeb04-3add-4e6a-b94f-0b1bd40d3f0e
Myotis mystacinus,0.274,0.521,0.5955,0.5997,,be390edb-afea-4cfb-93cd-2e667e87d5fa
Myotis mystacinus,0.257,0.518,0.7415,0.7448,,78620033-fd0a-44eb-bcf8-1094b4eafa7e
Myotis mystacinus,0.216,0.5,0.7835,0.7865,,fa6fc300-04c6-46db-8157-55b590000626
Rhinolophus hipposideros,0.577,0.577,0.0365,0.0573,,b1d2e412-2e2c-4b3c-911c-9ab34c3424d4
Rhinolophus hipposideros,0.538,0.538,0.2335,0.2617,,2d805eb1-2641-46f8-bf44-f7e0f121b357
Rhinolophus hipposideros,0.591,0.591,0.3045,0.3344,,093acf00-b7c8-4077-90c6-49959445930d
Rhinolophus hipposideros,0.724,0.724,0.3315,0.3629,,68185311-f5f3-4fed-a5b2-b6c788931e25
Rhinolophus hipposideros,0.542,0.542,0.4295,0.4486,,539a9330-85f8-4ba4-a8bb-88cd65830061
Rhinolophus hipposideros,0.506,0.507,0.4815,0.5102,,2b0f7bd6-9c7f-4e12-b347-1cbca478ed48
Rhinolophus hipposideros,0.688,0.688,0.5105,0.5415,,d5952523-5f52-47a6-95c2-17c332f1da43
Rhinolophus hipposideros,0.539,0.539,0.5605,0.5936,,dc6bc388-1139-4061-b5db-f16dba17d602
Rhinolophus hipposideros,0.592,0.592,0.6065,0.6353,,77a4cebf-163e-4efa-928a-67485042799e
Rhinolophus hipposideros,0.579,0.579,0.6415,0.6613,,70b4e548-9966-4fcf-a9ef-a92b4555e4be
Rhinolophus hipposideros,0.713,0.713,0.6685,0.7025,,68d27ec7-5184-49c2-a9a5-6ccac25a245d
Rhinolophus hipposideros,0.589,0.589,0.7385,0.7742,,45252c63-813c-4765-9c71-65cfcfedb8eb
Rhinolophus hipposideros,0.701,0.701,0.8195,0.8553,,0ecd8973-d18e-4645-a0f8-1551071094b1
Rhinolophus hipposideros,0.559,0.559,0.8405,0.8615,,776f910a-d90e-4f93-88d5-78cbcb81adb7
Rhinolophus hipposideros,0.523,0.523,0.8575,0.8782,,1414ac10-4495-41ea-835a-039cf271ec51
Rhinolophus hipposideros,0.521,0.523,0.9455,0.9682,,1753f0f2-d9f5-48b0-a610-bd5c32cc04da
Rhinolophus hipposideros,0.526,0.526,1.0005,1.0237,,aa277b5a-9f38-4fe2-8ee6-a7af953cfeba
Rhinolophus hipposideros,0.593,0.594,1.0255,1.0401,,dde5bce6-98a3-4387-acfc-0bd322271522
Rhinolophus hipposideros,0.624,0.625,1.1715,1.192,,f8a2dcb3-8848-4605-8fff-f376366d9eb9
Rhinolophus hipposideros,0.691,0.691,1.2075,1.2323,,b9ec69ba-598f-4816-8d72-a1682bccf4b7
Rhinolophus hipposideros,0.527,0.527,1.2455,1.2643,,c889ce0b-18d7-4aef-994a-79fbb5594d32
Rhinolophus hipposideros,0.57,0.57,1.3075,1.3395,,38583d82-1cef-41b4-9738-259f918d616d
Rhinolophus hipposideros,0.525,0.525,1.5535,1.5851,,1d616b89-c16e-4b96-b3e3-3509f6a2bb4d
Rhinolophus hipposideros,0.647,0.647,1.6475,1.677,,7588d219-efaa-438c-b63f-42089a5f3855
Rhinolophus hipposideros,0.575,0.575,1.7175,1.7466,,da8deeaa-3484-4bb9-8d3e-4775cc01ef38
Rhinolophus hipposideros,0.596,0.596,1.8105,1.8361,,7a79b0e0-df7c-4307-ac3f-2b106a7497df
Rhinolophus hipposideros,0.528,0.529,1.8795,1.9046,,17ff0754-4cbb-47cc-8ac7-14645a39f0fd
Rhinolophus hipposideros,0.526,0.527,1.9825,2.0054,,9eb53721-c408-46fb-b1e7-a8b2ade009a8
Rhinolophus hipposideros,0.594,0.594,2.0355,2.0646,,245d6575-b6bb-4e10-9f05-97767b22b2f1
Rhinolophus hipposideros,0.672,0.672,2.0715,2.1084,,d87d531c-5799-46c7-9ee0-cf24cf4425a4
Rhinolophus hipposideros,0.61,0.61,2.1055,2.1302,,1164bb42-0ec1-4a5d-9a71-312f756e0df9
Rhinolophus hipposideros,0.532,0.532,2.1315,2.1667,,762db667-5817-495e-b111-67d719f97604
Rhinolophus hipposideros,0.502,0.502,2.1685,2.1937,,edf0d506-dac2-4588-8b49-f1afbeceb4ba
Rhinolophus hipposideros,0.603,0.603,2.2455,2.2841,,3f4f5876-4533-4657-9b88-bcad89b0a594
Rhinolophus hipposideros,0.63,0.63,2.3535,2.3871,,1102bf83-c4d3-4682-9518-12a5d606ef6a
Rhinolophus hipposideros,0.536,0.536,2.4575,2.4839,,13866fa8-e969-42ac-bc5d-3a12bedebc37
Rhinolophus hipposideros,0.707,0.708,2.5515,2.5818,,01b878bc-7555-43e1-b37b-cc8162c0e3bb
Rhinolophus hipposideros,0.701,0.701,2.6475,2.6888,,fb53ec5d-ef52-4dc9-a379-0dc08d0049bc
Rhinolophus hipposideros,0.718,0.718,2.7265,2.7609,,d38bfdde-b45e-47f6-a306-7894ba9382c7
Rhinolophus hipposideros,0.655,0.655,2.8455,2.8681,,7be28ec1-8f78-4412-a78f-a9be1102917c
Rhinolophus hipposideros,0.578,0.578,2.8705,2.8978,,064294ed-e6be-4b6f-8ac3-ba0f63b70c72
Rhinolophus hipposideros,0.6,0.6,2.8995,2.9353,,325843ff-c420-4e44-9dcd-84fae7581859
Rhinolophus hipposideros,0.585,0.585,2.9435,2.9799,,e828a159-bde1-4431-8bc0-41b570d7b5b2
Rhinolophus hipposideros,0.638,0.638,0.9565,1.0005,,c668ca1e-fe1a-4fd7-91b9-70ff2d013587
Rhinolophus hipposideros,0.533,0.533,1.1085,1.1522,,cda4b564-c627-4bd6-85a4-2cfa7541af22
Rhinolophus hipposideros,0.607,0.607,1.1765,1.2226,,bcb40830-76f1-4246-93b0-c852e850ef9a
Rhinolophus hipposideros,0.655,0.655,2.1865,2.2355,,b32202a6-e059-4555-b5bf-b0216ad95590
Rhinolophus hipposideros,0.575,0.575,2.9155,2.9579,,a27378f0-6103-4e2d-86e6-ab9d32d59cba
Pipistrellus pipistrellus,0.566,0.621,0.8815,0.8885,,5dcbe852-0a1e-4cec-bb50-fca3b2dd254d
Pipistrellus pipistrellus,0.559,0.592,1.0385,1.0445,,f2b7c641-a902-4084-8e15-bb829023055f
Pipistrellus pipistrellus,0.493,0.505,0.3985,0.4066,,9ea027f4-66dc-416e-b28b-56f47350c830
Pipistrellus pipistrellus,0.663,0.688,0.4815,0.4894,,8764595f-c0eb-4156-9c37-50cd8d008cdc
Pipistrellus pipistrellus,0.522,0.536,0.6435,0.6515,,c2535ee9-2a0d-43d8-afce-7c638c55fd02
Pipistrellus pipistrellus,0.571,0.618,0.7245,0.7332,,b8830334-5c79-4534-a11d-37e110cefcac
Pipistrellus pipistrellus,0.742,0.765,0.8975,0.9047,,a7b5d1b9-1bae-415a-bfd5-209aac5240ce
Pipistrellus pipistrellus,0.655,0.675,1.0505,1.0584,,1171ddb8-e55f-4d6c-92f6-deef472c20f1
Pipistrellus pipistrellus,0.623,0.749,1.1435,1.1522,,97e68781-3023-4abd-a3dd-07146563bb41
Pipistrellus pipistrellus,0.634,0.652,1.2355,1.2426,,5c0fcd8c-c4e6-4fa5-88a1-f24c6769cb6e
Pipistrellus pipistrellus,0.557,0.562,1.2575,1.2618,,1704230d-5c67-48b9-a73a-ffec525dcad3
Pipistrellus pipistrellus,0.764,0.776,1.4095,1.4155,,9d6b6070-99f8-4e73-94b9-1bde8ba6f0ea
Pipistrellus pipistrellus,0.737,0.791,1.5085,1.5155,,48ffdf73-dfe6-45c3-a5f4-6c2604535ee7
Pipistrellus pipistrellus,0.789,0.8,1.6035,1.61,,50a22278-8de8-43af-a313-33d45811f0fa
Pipistrellus pipistrellus,0.758,0.798,1.6865,1.6935,,f9da74e4-9c25-4e6d-a5eb-172e4cc424ea
Pipistrellus pipistrellus,0.703,0.725,1.7775,1.7854,,46627291-d4e0-45e8-86d7-58be60014f71
Pipistrellus pipistrellus,0.764,0.786,1.8705,1.8767,,73991c98-b36e-44d9-8173-a0f1b7d141ff
Pipistrellus pipistrellus,0.71,0.722,1.9455,1.953,,e1278238-756c-4cbd-b6c0-7075bd477236
Pipistrellus pipistrellus,0.676,0.682,2.0055,2.0119,,8c130690-9abf-4ae1-b854-8c4d8f1b5828
Pipistrellus pipistrellus,0.739,0.75,2.1105,2.1171,,782cf9ba-a6bd-41b5-b2ab-be64d7d54856
Pipistrellus pipistrellus,0.747,0.754,2.1935,2.2,,fa092052-e9ef-42ad-94c6-583e9159c9b0
Pipistrellus pipistrellus,0.658,0.668,2.2355,2.2409,,1c12b360-82fc-4488-b0f7-16039edce6cd
Pipistrellus pipistrellus,0.733,0.74,2.3415,2.346,,bf6d05a3-3230-4039-9f9f-99735e432681
Pipistrellus pipistrellus,0.712,0.722,2.3965,2.4018,,2b0ad28c-d27b-4eb3-8e51-285cfbf13918
Pipistrellus pipistrellus,0.651,0.661,2.4555,2.4606,,30fe15b9-5a61-4058-a772-08b58bfc5ea3
Pipistrellus pipistrellus,0.528,0.533,2.4935,2.4983,,ed2d220a-6d7b-4655-a552-eb53f71366dd
Rhinolophus hipposideros,0.611,0.611,1.1235,1.1601,,d8fd712b-d75f-4d46-b9cf-7747c61df2c6
Rhinolophus hipposideros,0.519,0.519,2.5675,2.6028,,b972e224-d166-44c8-a6bd-42dceeed9bac
Rhinolophus hipposideros,0.511,0.511,0.2025,0.2386,,d32d0046-b9f2-4474-a06a-435414a83162
Rhinolophus hipposideros,0.602,0.602,0.4185,0.4588,,a8851d7e-d1d9-4439-b88c-73e7d14241ca
Rhinolophus hipposideros,0.622,0.622,0.4995,0.5423,,6fa7b7b2-bc32-4e44-935c-f024774b89e4
Rhinolophus ferrumequinum,0.533,0.533,0.8925,0.9444,,d839669a-6df8-444f-8686-8030685132c9
Rhinolophus hipposideros,0.532,0.532,2.2035,2.2438,,ee202fda-76be-4f60-a81c-52b9d766c984
Rhinolophus ferrumequinum,0.553,0.553,2.3795,2.4361,,e49f6f70-054a-4989-b661-805fdeec8ff9
Rhinolophus ferrumequinum,0.518,0.518,2.4525,2.5071,,32f6d36f-969a-493a-94f0-fe98dcc7072f
Rhinolophus hipposideros,0.569,0.569,2.4535,2.4943,,57a962d6-5b3d-4a7f-8228-229a6f672bb8
Rhinolophus ferrumequinum,0.51,0.51,2.6685,2.7214,,27e375e3-592c-449c-bfde-9e28683c495c
Rhinolophus hipposideros,0.569,0.569,2.6695,2.7076,,95d47852-ad1b-4ce9-8b65-325ae5e8cdf2
Rhinolophus hipposideros,0.63,0.63,2.8375,2.8789,,d54f53ed-ed5e-42e1-bc4e-4c7e04bc15fe
Pipistrellus pipistrellus,0.547,0.579,2.6845,2.6914,,e3a013fd-bb56-4e0f-8abb-9c72d9b069d0
Pipistrellus pipistrellus,0.511,0.522,2.7765,2.7825,,133e23e0-e8e2-4927-8b15-10efbc110802
Pipistrellus pipistrellus,0.512,0.53,2.8695,2.8762,,435e5cd3-72c1-4a00-b88b-a9880d163872
Rhinolophus hipposideros,0.5,0.5,0.2085,0.2515,,f99de90f-3ca1-4b32-a977-4c09befb553a
Nyctalus noctula,0.428,0.537,0.7505,0.7684,,b7787a0f-377a-4d29-b42b-2e6e285f7b6e
Nyctalus noctula,0.402,0.569,2.3885,2.4137,,90eb6cea-bb73-49d8-a1f8-8fa0d5170b8c
Rhinolophus hipposideros,0.512,0.512,0.0335,0.0726,,668ece9c-3cd6-4e88-aea1-7a590a80bbdb
Rhinolophus hipposideros,0.664,0.664,0.1335,0.1758,,aea58eca-09e6-4051-9bb3-eadb3d99f641
Rhinolophus hipposideros,0.658,0.658,0.2995,0.3436,,05be2366-3a6d-4456-9ee5-4f067eb49d1d
Rhinolophus hipposideros,0.551,0.551,0.4145,0.4505,,040721f2-0374-4b42-a95f-bb28605a6b38
Rhinolophus ferrumequinum,0.557,0.557,0.4645,0.5206,,fb6c3da1-65da-4381-9780-56b2699800ad
Rhinolophus hipposideros,0.748,0.748,0.4645,0.517,,dced69a7-79bb-46bf-9525-a0dda7e9a3c2
Rhinolophus hipposideros,0.755,0.755,0.5495,0.6016,,78ca3eef-81a9-4350-8669-d2e8fbd49331
Rhinolophus ferrumequinum,0.526,0.526,0.5495,0.6056,,fd2617af-b8f5-4041-8f6b-0183647ca759
Rhinolophus hipposideros,0.745,0.745,0.6335,0.6859,,5756a30d-f138-4671-844d-254007411f32
Rhinolophus ferrumequinum,0.609,0.609,0.6335,0.6892,,7cef1c2c-310b-4971-91eb-e4943551375b
Rhinolophus ferrumequinum,0.516,0.516,0.6935,0.7484,,6b429b40-d9bd-43d6-87a5-42777c3f09ba
Rhinolophus hipposideros,0.673,0.673,0.6945,0.7402,,53119730-0204-4811-bf7b-b83691de753f
Rhinolophus ferrumequinum,0.569,0.569,0.7455,0.804,,bbd976a9-e362-4854-9837-4190c8528312
Rhinolophus hipposideros,0.797,0.797,0.7465,0.7973,,fa94aead-98a7-4302-90c2-10db3a9aa1de
Rhinolophus hipposideros,0.554,0.554,0.8255,0.8715,,ce4b86bf-667c-4c75-ae7c-c09a4aa8bcd9
Rhinolophus ferrumequinum,0.594,0.594,0.9045,0.9637,,7d8e1ec9-0a4a-4905-a0d5-c0bb062833af
Rhinolophus hipposideros,0.727,0.727,0.9055,0.9576,,4ff8b5d2-ab92-4f9c-acfc-6b11e0c947f0
Rhinolophus hipposideros,0.516,0.516,0.9305,0.9615,,a817a617-f53b-4787-b96c-c5bca192f85e
Rhinolophus hipposideros,0.652,0.652,1.0195,1.065,,5b8a0f60-1981-424a-823b-c93a626a13a6
Rhinolophus ferrumequinum,0.504,0.504,1.0755,1.13,,a1bc23a2-4922-4175-be5f-e32a427fc990
Rhinolophus hipposideros,0.645,0.645,1.1155,1.1604,,bd16392b-0c88-4b46-8eb6-526c6155e96c
Rhinolophus ferrumequinum,0.515,0.515,1.1545,1.2084,,86b9ab84-ed2e-4a1d-9529-632d8555e613
Rhinolophus hipposideros,0.619,0.619,1.1555,1.2021,,86fcd55e-20b6-4825-9772-0165ca4ba993
Rhinolophus hipposideros,0.598,0.598,1.2115,1.2568,,36d2b5c1-807e-4fe6-97b6-c38b6a851ede
Rhinolophus hipposideros,0.507,0.507,1.3035,1.3458,,fef57e3e-1a78-4263-af9c-a7b8aad89247
Rhinolophus hipposideros,0.556,0.556,2.2135,2.2578,,d18bea81-4867-4a8f-92ea-0f08edec23b8
Rhinolophus hipposideros,0.509,0.509,2.3105,2.3548,,57a77035-2c22-42b7-a1ad-f1e787c2d9b9
Rhinolophus hipposideros,0.588,0.588,2.7445,2.7908,,fd8caa24-280a-43cf-8a1e-d7d44ae87585
Rhinolophus hipposideros,0.586,0.586,2.8275,2.873,,c380a349-bdda-45a7-85f8-635c00b8b53c
Rhinolophus hipposideros,0.679,0.679,2.8975,2.9495,,b73aee70-1d2d-4aba-80fb-dc8f082e88d8
Rhinolophus hipposideros,0.707,0.707,2.9725,3.0216,,9bd57d2e-88c0-4203-81a5-55ef8407ab77
Myotis mystacinus,0.206,0.507,1.1995,1.2028,,2c11f1ce-6f12-430a-b71b-f9afc7ca6986
Myotis mystacinus,0.343,0.527,2.0265,2.03,,83520b9b-e864-4672-9a9b-3a661f5c39d2
Myotis mystacinus,0.284,0.54,2.3215,2.3259,,c067b066-b275-464d-bfd1-d0af2348eefb
Myotis mystacinus,0.242,0.531,2.5885,2.592,,62ba68a6-7c9c-4a18-9b30-3be567507830
Myotis mystacinus,0.291,0.52,2.6395,2.6432,,75efac82-d589-4bee-8f4a-594297f73fff
Myotis nattereri,0.549,0.575,0.0955,0.0984,,816a7c29-1129-4791-a21c-4144013a6719
Myotis nattereri,0.543,0.575,0.1805,0.1837,,554fcc9b-5cb4-4303-8e0f-d44cec2fd26d
Myotis nattereri,0.588,0.622,0.2755,0.279,,b0509887-d502-4222-ad08-909b4a4e6818
Myotis nattereri,0.691,0.733,0.3655,0.3688,,13be4b84-ae44-4a26-8f12-ad9ffa619d06
Myotis nattereri,0.521,0.542,0.4265,0.4301,,24cafc25-b2e7-44d3-9e80-aaed7a5ed273
Myotis nattereri,0.609,0.647,0.5045,0.5075,,714dda5d-b5ca-44b2-a3d0-30c2c7c1896f
Myotis nattereri,0.557,0.604,0.5885,0.5919,,ab17d1ca-f5ac-46a7-b660-0f8a40eaed24
Myotis nattereri,0.494,0.528,0.7305,0.7332,,aeefd77c-8c13-4365-a14b-54840aa025cd
Myotis nattereri,0.56,0.588,0.8045,0.8075,,f7b1a0a1-b8e2-404b-bc87-c948d11c11ec
Myotis nattereri,0.588,0.618,0.8845,0.8878,,b5e7cbbe-625d-4537-be18-f290732d1446
Myotis nattereri,0.625,0.656,0.9675,0.9709,,2a9e5110-fb5f-4bce-9a2f-6bff15bbe9fb
Myotis nattereri,0.676,0.71,1.0595,1.0635,,a83f21bd-8c81-4223-a688-a3ed044d277a
Myotis nattereri,0.72,0.751,1.1605,1.1644,,0e080fa3-69b9-4d59-9af7-d875117563b6
Myotis nattereri,0.66,0.695,1.2635,1.267,,7e63dc1c-6362-44c4-898d-c0e7eee56bb7
Myotis nattereri,0.665,0.703,1.3345,1.3379,,bcd9ecc1-1334-46a8-9a1e-26a4ba83920b
Myotis nattereri,0.558,0.584,1.4265,1.4302,,05ec82ec-4f22-4332-afb1-6a15c3df6b9c
Myotis nattereri,0.577,0.609,1.5025,1.5062,,d4d127d2-95f6-44d8-a5cf-706878d47a87
Myotis nattereri,0.686,0.725,1.5735,1.5776,,8ffdb3e6-a2a7-4421-a23a-5f3868a4d1e8
Myotis nattereri,0.689,0.722,1.6415,1.6451,,fe8faab0-d4c6-4886-a970-711ed30547c4
Myotis nattereri,0.65,0.676,1.8175,1.8212,,0ef41872-edd8-41b1-91bc-970e59898dee
Myotis nattereri,0.589,0.603,1.8835,1.887,,364e4533-e16d-419a-848a-a38fd356de43
Myotis nattereri,0.545,0.566,1.9535,1.9572,,b6554ccd-5c4d-4982-a9f4-970d3a5a84f7
Myotis nattereri,0.551,0.575,2.0295,2.0328,,9b3f4ccd-ce66-4662-bd10-f3a0472d17e2
Myotis nattereri,0.656,0.686,2.0995,2.1038,,2737fd99-edf0-4cd7-a7e2-13fe9a9a33cc
Myotis nattereri,0.652,0.679,2.1775,2.1815,,4f9297c2-2be8-466e-b601-9492d8e54055
Myotis nattereri,0.569,0.59,2.2805,2.2839,,d703e186-34a4-4aeb-8883-069f37a53652
Myotis nattereri,0.573,0.593,2.3815,2.3851,,a9c85235-b2eb-4f29-9f4d-10b3fd89f9bc
Myotis nattereri,0.483,0.508,2.5235,2.5276,,700a441d-d36c-4662-b9d6-ef3575727ae3
Myotis nattereri,0.558,0.578,0.7535,0.757,,c18d4cee-1143-4d0b-afa4-feb1138b3000
Myotis nattereri,0.564,0.577,0.9155,0.9194,,4ca807e5-f912-431d-8293-6e70cc16384e
Myotis nattereri,0.611,0.625,0.9925,0.9965,,c7d387fc-8a23-435f-9da2-6e040eb60f42
Myotis nattereri,0.609,0.629,1.1805,1.1845,,1dc41c53-26e0-4e76-bdf3-a486fd7b32e6
Myotis nattereri,0.544,0.555,1.3065,1.3103,,f40739da-83cf-4498-8cf3-eed02006dfc2
Myotis nattereri,0.519,0.536,1.4345,1.4388,,b946915c-4c17-4fd4-a40a-6374c508452a
Myotis nattereri,0.546,0.553,1.4865,1.4904,,818f9159-c9f2-47e3-89dd-008e5a70ec11
Myotis nattereri,0.552,0.568,1.5495,1.5534,,f4c1ccf2-f193-4fb3-95bd-ee26465fa7e6
Myotis nattereri,0.514,0.528,1.5995,1.6034,,97f58539-2042-41f0-83aa-b3530a5d4a54
Myotis nattereri,0.494,0.511,1.9525,1.9556,,bf680456-8376-403f-abf5-53e8518e3d29
Myotis nattereri,0.605,0.62,2.0645,2.0682,,ff9b24b5-778c-4965-87e7-3a058ef937dc
Myotis nattereri,0.639,0.662,2.1835,2.1866,,7bafd93f-1cbd-49ab-ae5a-8fbb1e6157cd
Myotis nattereri,0.523,0.539,2.2485,2.2516,,4106feee-9c5b-408f-a272-a24b7eba87e5
Myotis nattereri,0.521,0.534,2.6085,2.6118,,3c94a057-a374-4569-916e-04313221f268
Myotis nattereri,0.602,0.625,2.6965,2.6997,,f6e928c2-ca57-4e04-b7e2-431312c30933
Myotis nattereri,0.618,0.647,2.7715,2.7758,,85d8e1f0-0378-47e5-a3f9-e64c1603de7c
Myotis nattereri,0.563,0.598,2.8385,2.842,,7b5f6ad8-24e8-4be7-91bb-4bfc2ed70a0b
Myotis nattereri,0.709,0.735,2.9275,2.9314,,e870a752-ae03-44a4-adbb-d88e3cf71e02
Rhinolophus hipposideros,0.537,0.537,0.0475,0.0792,,5ae27812-fab5-40be-8f43-a6ab8ab83fe9
Rhinolophus hipposideros,0.528,0.529,0.0885,0.106,,47a75b18-0d45-4126-9b60-3984386d525b
Rhinolophus hipposideros,0.565,0.565,0.2175,0.2491,,3f4dacdd-60de-4adf-ab51-a71a314c9fbf
Rhinolophus hipposideros,0.529,0.529,0.3105,0.3419,,0e997829-3579-4891-abec-3bddf9836a50
Rhinolophus hipposideros,0.627,0.627,0.3955,0.4317,,5839e2b7-d397-4caf-8d9a-81e855a3fb51
Rhinolophus hipposideros,0.583,0.583,0.4685,0.5007,,ea5e0552-c78a-4754-ad11-db98a1c18d6b
Rhinolophus hipposideros,0.592,0.592,0.5405,0.5735,,42ecfcef-3cae-430c-a663-74a47863de5a
Rhinolophus hipposideros,0.625,0.625,0.6205,0.6521,,c1eccb47-448a-47a2-92bd-3fbda4703931
Rhinolophus hipposideros,0.594,0.594,0.6555,0.6812,,11138d56-ed08-4fb9-93be-7cbd8c707fcd
Rhinolophus hipposideros,0.557,0.557,0.6835,0.707,,b064956f-20b3-46f5-8f20-50cb170c3083
Rhinolophus hipposideros,0.556,0.557,0.7575,0.7769,,fffe8b05-ddb8-4e7a-b632-1cec21a56ef2
Rhinolophus hipposideros,0.578,0.578,0.9655,0.9945,,d0f0a5df-d189-4125-93ac-57f9e9c44769
Rhinolophus hipposideros,0.534,0.534,1.0985,1.1382,,8f63c35a-3ccc-4e7a-98ba-0a5523a45379
Rhinolophus hipposideros,0.622,0.622,0.2465,0.2903,,b0654e01-21dc-4e2c-ae3a-76f73dd9387a
Rhinolophus hipposideros,0.662,0.662,0.3375,0.3796,,1217ef95-b54b-4ada-ac14-821ec35bb6e3
Rhinolophus hipposideros,0.57,0.57,0.4335,0.4751,,426d4d6d-dcd6-46cd-a299-fde093e9318c
Rhinolophus hipposideros,0.615,0.616,0.5335,0.5733,,f753f7ea-e9cd-4844-aeb6-1ebdef23a6e2
Rhinolophus hipposideros,0.595,0.595,0.6435,0.6904,,88c483c0-2395-4fa2-9627-a2b7fe0148b1
Rhinolophus hipposideros,0.77,0.77,0.7505,0.8028,,bf52e7ad-42a4-42a5-be09-2a1d995bfab7
Rhinolophus hipposideros,0.708,0.708,0.8435,0.8954,,a8430abf-bb36-45c5-98f0-fe2b1a284ef4
Rhinolophus hipposideros,0.5,0.5,1.0375,1.0796,,f9fe6310-dfa2-4a27-92ac-7939a2608844
Rhinolophus hipposideros,0.632,0.632,0.1945,0.2182,,2599c13e-ce1b-4f30-929e-d264b1fc8217
Rhinolophus hipposideros,0.517,0.517,0.5795,0.6103,,37686e90-3488-4cca-8315-1147288937f8
Rhinolophus hipposideros,0.648,0.648,0.8585,0.8915,,8b2cfa21-2664-413d-b196-99c5647b36f3
Rhinolophus hipposideros,0.535,0.535,0.9555,0.9812,,1f2f413c-7bd5-4ed8-b416-6951d279babb
Rhinolophus hipposideros,0.552,0.552,1.0685,1.1001,,ca26b8ec-4164-452b-ae3a-ee95f305b144
Rhinolophus hipposideros,0.568,0.572,1.2095,1.224,,23518c3b-a287-44ce-9ec7-c0d427bb87e4
Rhinolophus hipposideros,0.537,0.537,1.2285,1.2488,,0554234b-d296-4bb7-8895-cd6d4cd40dc0
Rhinolophus hipposideros,0.517,0.517,1.3965,1.4159,,4d4f630f-f6ab-4abc-a3be-f5e6e89d4ddb
Rhinolophus hipposideros,0.533,0.533,1.4345,1.4501,,fc2652a5-c577-48f5-8682-2b6080917652
Rhinolophus hipposideros,0.538,0.538,1.5465,1.5767,,f0d043eb-1762-4ffa-91e4-dc0f1bc4e103
Rhinolophus hipposideros,0.581,0.581,1.5735,1.5949,,161e7c49-877c-4ae2-819f-87e18ea09828
Rhinolophus hipposideros,0.562,0.562,1.6235,1.6518,,6b4b7bc0-8a79-4b9a-a41a-26c89fa0d0d9
Rhinolophus hipposideros,0.521,0.521,2.1165,2.1405,,cd7b61f3-e979-42e6-804b-65437e5ad7e5
Rhinolophus hipposideros,0.628,0.628,2.1795,2.2106,,8d281488-473d-4042-9a8d-887c83c227d3
Rhinolophus hipposideros,0.538,0.538,2.4205,2.4464,,cb88d7f7-b651-4313-a214-f04cdecadf4c
Pipistrellus pipistrellus,0.515,0.561,2.8375,2.8462,,08c32740-2a2d-464f-9e3a-064f1162a1c0
Rhinolophus hipposideros,0.619,0.619,0.7255,0.7651,,5428f22e-b461-4ff1-9c1e-467c411dd21f
Pipistrellus pipistrellus,0.463,0.53,1.6595,1.6667,,d4a7b3be-f083-433c-bd22-869cc27ab25c
Pipistrellus pipistrellus,0.537,0.545,2.3895,2.3954,,7d4f9aa5-c3df-496a-8b1e-d30fb6ff0a88
Myotis mystacinus,0.296,0.534,2.6355,2.6386,,a030b7cc-ffd7-4a49-943e-fc6189b562a5
Pipistrellus pipistrellus,0.638,0.685,1.1125,1.1193,,12e8531c-cc2f-4927-a6a0-2377212b361e
Myotis bechsteinii,0.244,0.525,0.3705,0.3743,,94a08d83-42dc-4921-be46-2e8259128fe5
Rhinolophus ferrumequinum,0.524,0.524,0.3045,0.3621,,7b46c298-7dbb-4f52-ae06-b0928f6b4ae7
Rhinolophus hipposideros,0.637,0.637,0.3045,0.3525,,ea5cebeb-f9f1-4fb5-ba69-1e01c09e618c
Rhinolophus ferrumequinum,0.535,0.535,0.3715,0.4204,,9def6f5a-05bd-4b6e-b093-4f5340b3ae5d
Rhinolophus hipposideros,0.642,0.642,0.4255,0.4737,,b1aced45-906f-47b1-b93c-ba1941f41005
Rhinolophus hipposideros,0.725,0.725,1.9245,1.9743,,76c2413d-8251-47f0-8f7e-5b69c9d23f84
Rhinolophus ferrumequinum,0.538,0.538,1.9245,1.9807,,824c5a0b-e8bf-4f33-8de5-771309b77508
Rhinolophus hipposideros,0.605,0.605,2.0125,2.0568,,00ebd2fc-3515-4353-82ab-d97efd5f05b3
Rhinolophus hipposideros,0.756,0.756,2.1895,2.2408,,98829770-7d9c-4ac7-9aef-121bd2498148
Rhinolophus ferrumequinum,0.521,0.521,2.1915,2.249,,936c63a0-293f-4a27-b199-0e1c460c178f
Rhinolophus hipposideros,0.533,0.533,2.2975,2.341,,51323d5b-2062-49e6-b85f-7e098d88255f
Rhinolophus ferrumequinum,0.562,0.562,2.3525,2.4015,,d96713c2-9cd0-4505-a190-5f732656930d
Rhinolophus ferrumequinum,0.575,0.575,2.5115,2.5659,,53b01647-1442-49eb-9c18-378a6b44a860
Rhinolophus hipposideros,0.514,0.514,2.5445,2.5895,,35e3f79e-163a-4086-b909-0d881c4b47f8
Rhinolophus hipposideros,0.571,0.571,2.6335,2.6779,,b857c872-601c-4af8-a9d7-a0af96758562
Rhinolophus ferrumequinum,0.565,0.565,2.8445,2.9017,,a76c6a98-b282-44a7-bbb6-c006847b7973
Rhinolophus hipposideros,0.535,0.535,2.8465,2.8854,,e8f34611-3781-4bc0-a7af-6da232d0184e
Pipistrellus pipistrellus,0.692,0.703,0.3715,0.3783,,bcacd063-94ff-4ca7-be24-1ee6525f3cb3
Pipistrellus pipistrellus,0.604,0.616,0.4655,0.4727,,f140662c-0211-4bf9-b9f6-c262c634ff50
Pipistrellus pipistrellus,0.674,0.697,0.5595,0.5674,,72ed8139-dc66-4265-9287-1efa4f2816cd
Pipistrellus pipistrellus,0.539,0.558,0.6715,0.6784,,bbda5bef-bd05-4d9b-a7a9-1066772195ca
Pipistrellus pipistrellus,0.595,0.603,0.7155,0.7212,,3c8b5e6f-209f-4990-90c4-a3a623ac1284
Pipistrellus pipistrellus,0.709,0.73,0.8985,0.9049,,6275d5bc-fb3a-4ee2-a20d-db376f40712c
Pipistrellus pipistrellus,0.74,0.771,0.9665,0.9721,,b5a83984-1668-4cb6-9b8f-98d93cbe2246
Pipistrellus pipistrellus,0.628,0.645,1.0455,1.0522,,f797358f-a4f3-4d0e-ba62-972fffe4957b
Myotis nattereri,0.515,0.529,1.0845,1.088,,968497ee-bf2a-4aec-bbb0-cd828ff73e28
Pipistrellus pipistrellus,0.695,0.719,1.1375,1.1442,,78d5dcd4-5ac0-48d3-829b-c93d2c82973b
Myotis nattereri,0.531,0.549,1.1735,1.1773,,58de5cfa-ecfd-4f08-9ed5-3f7c4b532fe8
Pipistrellus pipistrellus,0.721,0.748,1.2265,1.2333,,8fabcc4b-6bad-4a23-b31f-6fdc4a9635ca
Myotis nattereri,0.502,0.509,1.2645,1.2683,,97d8b160-29f7-448f-b078-7098b784f942
Pipistrellus pipistrellus,0.556,0.596,1.3115,1.3181,,a44304d6-6eef-48eb-98ea-fac4e5680115
Myotis nattereri,0.703,0.734,1.3235,1.3284,,9e1d0f3c-4870-402d-b001-10ffde2cce83
Myotis nattereri,0.718,0.742,1.3975,1.4023,,c21b08b9-57a4-4d4a-b419-6e7bf3d26aaf
Myotis nattereri,0.669,0.685,1.4945,1.4989,,08ccaeb0-af67-426e-b2fa-1e040f860a63
Myotis nattereri,0.729,0.751,1.5625,1.5669,,0dd1c623-0f72-4421-b013-10fa2134b56d
Myotis nattereri,0.75,0.774,1.6325,1.6369,,2b2fb2f4-43ab-41c4-97c1-2c9e7de323fb
Myotis nattereri,0.723,0.749,1.7105,1.7146,,d893b0d2-e26b-4b7e-8642-13690529d66d
Myotis nattereri,0.678,0.695,1.7825,1.7865,,59223c06-c644-4ba7-a115-5dc98da08ab1
Myotis nattereri,0.67,0.685,1.8545,1.8585,,daea49fb-81af-40f5-9774-dffdaf45f6db
Myotis nattereri,0.618,0.631,1.9145,1.9183,,bf793e77-7abe-4d61-9033-31ddf69d2adf
Myotis nattereri,0.495,0.516,2.3775,2.3809,,f26c8e02-eecc-4802-a41c-9f3f86e96cd8
Pipistrellus pipistrellus,0.49,0.503,2.7285,2.7382,,42ceb17a-bab4-4d99-8f39-9c5d8dd526a2
Pipistrellus pipistrellus,0.536,0.548,2.9045,2.9122,,1f89e716-9d14-4cc5-8f47-da46a4601d00
Pipistrellus pipistrellus,0.494,0.533,2.9755,2.9844,,6e4e162b-504b-4bde-9f72-5ed64b1e80ec
Myotis mystacinus,0.226,0.593,0.5005,0.5042,,d75c032e-289c-4a6d-a6ee-6730cac9a6a7
Myotis mystacinus,0.244,0.538,0.7215,0.7255,,6cda4d0e-a224-4a08-9e46-0564f54cab6e
Myotis daubentonii,0.229,0.635,0.8595,0.8643,,8259da28-07f7-48d9-bb10-8093d32822d6
Myotis mystacinus,0.238,0.61,0.9425,0.946,,3c351fdd-efef-41f0-9a0e-522d190551b6
Myotis mystacinus,0.248,0.571,1.0225,1.0261,,3aaa6a85-0ceb-4bff-9819-34275e38cda4
Myotis mystacinus,0.265,0.513,1.2635,1.2672,,7dd0e1b1-ccce-4dea-9f5d-d17cc6f251ec
Nyctalus leisleri,0.465,0.527,1.3355,1.3516,,843dd8c1-a2da-422e-ad71-29486e20c919
Myotis mystacinus,0.22,0.507,0.9055,0.9094,,62170746-5a8b-4460-9a81-f12313934a8a
Myotis mystacinus,0.286,0.551,1.3545,1.3583,,ca7212f8-b288-4f1c-bb8c-4dda0ba9b1ff
Rhinolophus hipposideros,0.582,0.582,1.2585,1.3043,,4ac62fb7-7701-4ed3-bafc-ed3333a623df
Rhinolophus hipposideros,0.612,0.612,1.3395,1.3837,,5e7ee9a7-856d-437f-8dd8-6fa8ffd6b29b
Rhinolophus hipposideros,0.57,0.57,1.4165,1.4604,,0a81cd4c-d3cb-4533-92b3-3467c1fd79ee
Rhinolophus hipposideros,0.52,0.52,1.4965,1.5402,,e0dd79fb-2e01-47d5-8957-d481826ecc31
Rhinolophus hipposideros,0.64,0.64,1.5695,1.6168,,9e31b084-96be-4818-87af-e368e72c8f27
Rhinolophus hipposideros,0.556,0.556,1.6425,1.685,,9741be5b-763f-41f9-9e08-3f43b206fa5c
Rhinolophus hipposideros,0.514,0.514,1.4935,1.5283,,d10e9fbc-cc4e-49ea-bfbf-04d6e0cd7d74
Pipistrellus pipistrellus,0.613,0.618,0.5905,0.5979,,dd7b2812-2d11-4507-a2cf-312d8efa0779
Pipistrellus pipistrellus,0.767,0.779,0.6925,0.6988,,cbfcfee2-7b80-4d3c-9b8e-9d30416dd4da
Pipistrellus pipistrellus,0.754,0.764,0.7625,0.7686,,545c6235-9fb3-498e-bf26-7d6b4f14ad7d
Pipistrellus pipistrellus,0.796,0.801,0.8475,0.8536,,da723a38-d89e-4f97-9f7d-d5514bc741ce
Pipistrellus pipistrellus,0.769,0.774,0.9515,0.9572,,a36836a8-d65e-4b3b-9ffd-0157cb680684
Pipistrellus pipistrellus,0.765,0.779,1.0665,1.0731,,7faabc9c-6863-4735-ad09-dd7af8364302
Pipistrellus pipistrellus,0.746,0.768,1.2625,1.2697,,d522eb5e-685d-414c-b23b-f31918825a5e
Pipistrellus pipistrellus,0.805,0.828,1.3625,1.3693,,128d7e2d-cd5b-4965-81f6-474d4293a461
Pipistrellus pipistrellus,0.78,0.803,1.4485,1.454,,e95f5479-13db-4c31-9086-350a113cc958
Pipistrellus pipistrellus,0.722,0.732,1.5425,1.5516,,86b7a224-ac43-4e7d-93b3-e233af299aae
Pipistrellus pipistrellus,0.763,0.793,1.6315,1.6382,,7b061a15-2834-4531-bd29-a87d9722befa
Pipistrellus pipistrellus,0.654,0.661,1.7275,1.7337,,f4d11e64-53ab-4d2c-83d8-7861ee630a46
Pipistrellus pipistrellus,0.682,0.737,1.8265,1.8334,,e19f9827-93b6-4ab5-ad41-6fe3c093c74f
Pipistrellus pipistrellus,0.614,0.621,1.9715,1.9794,,6c0ff60a-cd39-4217-90a8-33b0c755c6e5
Pipistrellus pipistrellus,0.712,0.733,2.0585,2.0656,,149306ed-1e19-486c-b7e2-327758375388
Pipistrellus pipistrellus,0.642,0.685,2.1565,2.1643,,d5c91936-51f9-4ae5-b10e-c1973d7369e3
Pipistrellus pipistrellus,0.502,0.513,2.3475,2.3546,,e7df9e49-1132-4892-8b2f-79c1c60be0bf
Pipistrellus pipistrellus,0.564,0.57,2.6795,2.6887,,b1fe8827-3053-44f8-8eab-d6a2d141117e
Pipistrellus pipistrellus,0.544,0.584,0.0195,0.0278,,469f3401-5bec-42ec-a8f5-3750377c5926
Pipistrellus pipistrellus,0.531,0.567,0.1245,0.1331,,bfa16438-7431-45c3-9560-37a70a11949b
Pipistrellus pipistrellus,0.553,0.616,0.2195,0.2309,,ba892690-88c6-4211-847e-94a1e8bfc4a3
Pipistrellus pipistrellus,0.359,0.51,0.4295,0.4418,,630000d7-17e6-4483-8b02-4c9f70c486ad
Pipistrellus pipistrellus,0.542,0.649,0.6575,0.6687,,7bd01108-b896-46b0-bf74-f40d9d31d355
Pipistrellus pipistrellus,0.459,0.52,0.7545,0.7652,,ac6e59db-d6ce-44db-9263-09fc0027ea7f
Pipistrellus pipistrellus,0.552,0.599,0.9645,0.9749,,00088530-55f6-4c82-bfb8-89fd35b38deb
Pipistrellus pipistrellus,0.534,0.617,1.0665,1.0752,,df78c978-f71f-404b-821c-1a00912b76ae
Pipistrellus pipistrellus,0.452,0.59,1.1605,1.1696,,99429a75-121e-40d3-aa09-f630f79a66b4
Pipistrellus pipistrellus,0.626,0.67,1.2655,1.2741,,41f0db05-a14a-42b6-95bc-c08bcb4fd1bd
Pipistrellus pipistrellus,0.575,0.62,1.4695,1.4798,,7d6c3487-6aa2-4398-9f04-1907ec1392cd
Pipistrellus pipistrellus,0.579,0.663,1.7425,1.7519,,29721dc1-32e0-4a4e-9a61-53499a2539cf
Pipistrellus pipistrellus,0.449,0.582,2.0695,2.081,,c502e817-f3d5-4287-9f79-1e69ef19fe35
Myotis bechsteinii,0.209,0.505,0.8745,0.8778,,c5ce8c07-1aaf-4808-8172-adbf8d5aaaf1
Pipistrellus pipistrellus,0.482,0.508,1.7465,1.754,,3de26ac5-31be-4274-9ca5-61566fee34ea
Pipistrellus pipistrellus,0.399,0.526,0.8795,0.8877,,8d86515c-b697-413a-a537-1b8845d67ff7
Nyctalus noctula,0.452,0.646,0.1975,0.2221,,412a7177-e5ed-4744-9eff-2840c2a978a1
Nyctalus noctula,0.457,0.564,0.6395,0.6665,,15e47b8a-6b6e-45fd-8ecf-8edefdfa66d6
Nyctalus noctula,0.377,0.504,1.8285,1.8484,,605f9702-f1f0-4c37-a54d-14a1d60ae0bd
Nyctalus noctula,0.413,0.538,2.7095,2.7343,,b8c49b77-e45d-4f4a-90e6-2b91928059c5
Myotis nattereri,0.668,0.688,0.0195,0.0238,,fa9abf90-b92d-407d-9dd0-90614e10b5de
Myotis nattereri,0.61,0.628,0.0975,0.1019,,5061e1fc-ffc9-44e3-b0ba-c6945d594e46
Myotis nattereri,0.524,0.535,0.2075,0.2121,,040d2684-2716-4a43-8e6b-972ed8cac54b
Myotis nattereri,0.572,0.584,0.2905,0.2947,,58dbca22-4825-4d90-8512-165ed1d1eb8a
Myotis nattereri,0.487,0.505,0.4445,0.4477,,e3e51d1b-ac6f-44d9-aef3-261c4bf0a341
Rhinolophus hipposideros,0.629,0.629,0.2285,0.2601,,423075d2-102a-4175-9190-e3d30fda0efa
Rhinolophus hipposideros,0.534,0.534,0.4685,0.5013,,23cf1c41-22fd-4aab-bf23-2dc103f9fc65
Rhinolophus hipposideros,0.59,0.59,0.5475,0.5812,,73b3cf2b-e02f-42b5-bdab-341028471c5e
Rhinolophus hipposideros,0.545,0.545,0.5905,0.6196,,e8e8918d-85c8-4de8-8bf3-0414caf1d80d
Rhinolophus hipposideros,0.689,0.689,0.6885,0.7301,,867d11db-8ebc-4da8-834d-3abfb3306bbc
Rhinolophus hipposideros,0.664,0.664,0.7885,0.8268,,7d7a51d3-25d2-4b0f-96d0-0ab43fee0252
Rhinolophus hipposideros,0.696,0.696,0.8415,0.8849,,9345ebd2-96b0-4659-ba66-9f69ac21d365
Rhinolophus hipposideros,0.531,0.531,0.8965,0.9145,,1e87b8d8-3407-49bb-81ea-23d80c4ce8b2
Rhinolophus hipposideros,0.724,0.724,0.9285,0.9725,,41bed21e-886e-4cc3-826c-21f0a349abc3
Rhinolophus hipposideros,0.694,0.694,1.0265,1.0721,,d2aa159d-92b3-405e-b3d2-1bf9c54a6bd7
Rhinolophus hipposideros,0.601,0.601,1.4575,1.4956,,141608e9-39fc-4701-9514-3ee4cb0c3f57
Rhinolophus hipposideros,0.514,0.514,1.4885,1.5195,,4eac3984-9de9-4720-93e4-117f6c5f9a75
Rhinolophus hipposideros,0.511,0.511,1.5705,1.5972,,1e6977d3-0609-4a6a-afce-e3d56553c2ff
Rhinolophus hipposideros,0.504,0.504,1.5905,1.6234,,e935576d-04a1-44d9-86f2-d633f84c41fc
Rhinolophus hipposideros,0.603,0.603,1.6105,1.6413,,3fe6d308-05ce-4527-9914-fb57fc1f23cd
Rhinolophus hipposideros,0.682,0.682,1.6555,1.6927,,d333892d-4fb8-41f0-af7e-a9efad196598
Rhinolophus hipposideros,0.517,0.517,1.6815,1.7044,,af585c56-6d19-4e43-ab4d-3bea3ec35950
Rhinolophus hipposideros,0.727,0.727,1.7565,1.8002,,3b33dd1e-4b8e-45e2-94c6-bf90e70f1e06
Rhinolophus hipposideros,0.65,0.65,1.7895,1.8202,,785584b0-6351-474f-8f37-251a7a072d1b
Rhinolophus hipposideros,0.632,0.633,1.8735,1.9011,,9ee3995a-e7d0-4aae-8cab-a812cc1648a4
Rhinolophus hipposideros,0.615,0.615,1.9715,2.0011,,96902c00-35e5-4bad-9b2d-87417c1b8f86
Rhinolophus hipposideros,0.599,0.599,2.1335,2.1689,,36bad911-7192-4639-8d9c-9c32456f5804
Rhinolophus hipposideros,0.63,0.631,2.1825,2.2055,,6a694c2a-df46-4226-92ca-e6c9c09b4ea3
Rhinolophus hipposideros,0.587,0.587,2.2195,2.2464,,f84fc5c2-93e9-4baf-8bee-9a81d8509783
Rhinolophus hipposideros,0.51,0.511,2.2375,2.2589,,2a0a00c1-6ffd-4753-87c9-c14422a44ca5
Rhinolophus hipposideros,0.578,0.578,2.2675,2.3029,,5810a2f4-6b6a-42bf-a798-36fa2917a463
Rhinolophus hipposideros,0.628,0.628,2.2955,2.3193,,48400b8d-a36a-4c6d-89ea-b8090cdf1045
Rhinolophus hipposideros,0.579,0.579,2.4405,2.4691,,8854de9c-c51e-4bd1-8f0a-2030f3f6f8ca
Rhinolophus hipposideros,0.548,0.548,2.5695,2.5988,,f13e4d37-ab8d-404e-8e8b-4d6ba576f037
Rhinolophus hipposideros,0.66,0.66,2.6725,2.7123,,63f6c750-c69a-46f9-9921-a85600cf743b
Rhinolophus hipposideros,0.544,0.544,2.7145,2.7375,,f8ca69cf-dfff-4d53-b847-7205c8426911
Rhinolophus hipposideros,0.584,0.584,2.7515,2.7888,,3573af1d-305f-45cf-9371-d68c9d8e91f0
Rhinolophus hipposideros,0.528,0.528,2.7745,2.7966,,22fa9cdb-9ede-4b88-a17c-f0cd6cdd6b9d
Rhinolophus hipposideros,0.629,0.629,2.8775,2.9038,,e3c78fe8-f916-44d2-bbb4-10067ecb827e
Rhinolophus hipposideros,0.67,0.67,2.9115,2.9426,,66fbc4b3-cfbb-420c-9fd0-18907d3733d5
Rhinolophus ferrumequinum,0.51,0.51,0.3115,0.3692,,629d99c7-7625-4a05-a254-0e9de3c16d76
Rhinolophus hipposideros,0.511,0.511,0.4885,0.5321,,8245a915-6026-48ac-b6ae-f9f26097b42d
Myotis mystacinus,0.197,0.501,0.0075,0.0119,,38cb8a8f-be97-4480-bdba-4e7f965c15be
Pipistrellus pipistrellus,0.718,0.739,1.0305,1.0364,,b6cba5e0-1f9a-42d3-b2e8-58a2b419d748
Pipistrellus pipistrellus,0.754,0.782,1.0755,1.0806,,876cca81-663f-43dd-8123-d21f32469cbd
Pipistrellus pipistrellus,0.755,0.773,1.1655,1.1703,,c875586c-8582-486f-9891-55a1c6a0e61c
Pipistrellus pipistrellus,0.78,0.796,1.2525,1.2579,,2c099a69-63f8-4a79-a32d-af68bca35a87
Pipistrellus pipistrellus,0.766,0.804,1.3395,1.3452,,0c1b39d8-46d1-4a67-b0b1-bbb8559382bc
Pipistrellus pipistrellus,0.793,0.817,1.4395,1.4447,,fc56b42a-7486-49d4-a84b-dbdb895eb400
Pipistrellus pipistrellus,0.794,0.82,1.5845,1.5901,,e851178d-e401-4f81-be1c-b3603593c146
Pipistrellus pipistrellus,0.759,0.765,1.6795,1.6846,,aa381666-88d1-4fda-9459-8369d428711a
Pipistrellus pipistrellus,0.801,0.811,1.7675,1.7731,,d5ea5850-e411-4ad5-b284-d3662aba1bd4
Pipistrellus pipistrellus,0.646,0.662,1.8385,1.8431,,1d6d58eb-b400-45e3-ae4e-354934b8c04e
Pipistrellus pipistrellus,0.736,0.743,1.8515,1.857,,b15037be-7e45-408c-afb1-d50b09055155
Pipistrellus pipistrellus,0.493,0.504,1.9035,1.9087,,14d651c3-1c27-4865-b6e8-a7030cc4bc42
Pipistrellus pipistrellus,0.717,0.727,1.9195,1.9242,,5fb059f6-80a8-44fb-9c2b-55b80a76cb67
Pipistrellus pipistrellus,0.72,0.737,1.9525,1.9577,,8c7bbfe3-2f6a-4665-8475-6ec345e9bc27
Pipistrellus pipistrellus,0.679,0.686,2.0125,2.0171,,bf9684fa-6d87-4c50-86a3-671d68a7d757
Pipistrellus pipistrellus,0.664,0.675,2.0845,2.0893,,92524b3e-8b8c-4495-8e4f-cb57332d3db9
Pipistrellus pipistrellus,0.699,0.715,2.1715,2.1764,,80ad98ac-9bee-4ec9-ab1b-aeb4bc8cd7e7
Pipistrellus pipistrellus,0.6,0.603,2.2055,2.2115,,9efd80d1-2022-4c8b-989f-0fa0cb945821
Pipistrellus pipistrellus,0.713,0.721,2.2425,2.2474,,ce85add6-14ca-4619-a6d2-cb0cbae5ce19
Pipistrellus pipistrellus,0.641,0.647,2.2905,2.2959,,072c020c-83b4-46b8-be42-08ee06c3bae8
Pipistrellus pipistrellus,0.736,0.746,2.3295,2.3344,,de7b3a98-e87b-4e84-9dff-5c599a71b797
Pipistrellus pipistrellus,0.751,0.764,2.3785,2.3837,,d6e93d2d-2bba-403c-bb72-bf7d509c4e4e
Pipistrellus pipistrellus,0.719,0.728,2.4015,2.4065,,8948b759-6773-44e8-935d-cac4173c347e
Pipistrellus pipistrellus,0.732,0.742,2.4525,2.4575,,f3556495-debe-41de-91ab-e267b676307e
Pipistrellus pipistrellus,0.75,0.766,2.5015,2.5066,,90b584d4-2c1e-4614-af70-7fa91c987c79
Pipistrellus pipistrellus,0.75,0.757,2.5445,2.5501,,7116884e-f0ff-4e37-b99a-0531d1e281f7
Pipistrellus pipistrellus,0.763,0.771,2.5735,2.5786,,1a45095b-7c0c-4979-aa12-0c5f02fe5ce0
Pipistrellus pipistrellus,0.536,0.547,2.6295,2.6356,,c1d5387a-0bb3-4f4e-b4cc-a12ec95d52b3
Pipistrellus pipistrellus,0.794,0.801,2.6535,2.6588,,ba24a979-4b1c-47a3-8ae5-42f2f504f88a
Pipistrellus pipistrellus,0.52,0.539,2.7245,2.7302,,28770a7b-3730-4e68-87dd-bd16abea6433
Pipistrellus pipistrellus,0.712,0.72,2.7335,2.739,,30321d05-1e72-481f-b1aa-d81232215a65
Pipistrellus pipistrellus,0.711,0.731,2.8135,2.8186,,7654c5ce-4e3a-41e9-a56b-30589b40fea3
Pipistrellus pipistrellus,0.707,0.718,2.9705,2.9755,,99e624f7-89e4-4f78-98ed-b80c955b1282
Pipistrellus pipistrellus,0.638,0.651,0.0135,0.0181,,a721a5ff-92ef-49fc-a02e-93a41ef8a53d
Pipistrellus pipistrellus,0.723,0.734,0.0825,0.0897,,47fc70b1-3921-4bfb-b824-e0deb391cfed
Pipistrellus pipistrellus,0.714,0.772,0.1395,0.1462,,6e759f9e-801c-44f5-97e2-7d845411ab49
Pipistrellus pipistrellus,0.732,0.744,0.2205,0.2269,,3150fa37-7225-498e-83ec-d10ad3e90f66
Pipistrellus pipistrellus,0.58,0.606,0.3205,0.3302,,8677d061-589b-4b2f-8e32-177cf5822dab
Pipistrellus pipistrellus,0.826,0.836,0.4075,0.4136,,13751da0-04e6-47f6-90ee-c34a1f751d71
Pipistrellus pipistrellus,0.796,0.805,0.4955,0.5014,,27f9a169-8e10-40b5-90c2-87f78f1f916c
Pipistrellus pipistrellus,0.756,0.761,0.5825,0.5888,,74b01828-65c7-46cc-a752-2d7fc47725bc
Pipistrellus pipistrellus,0.719,0.735,0.6705,0.6769,,0a9305a0-e624-4077-9708-b3b2df698078
Pipistrellus pipistrellus,0.769,0.772,0.7655,0.7713,,59bc3329-3993-485b-9041-7151bd8353df
Pipistrellus pipistrellus,0.71,0.719,0.8475,0.8556,,1dcf9386-193a-46fc-a354-83b4f6881622
Pipistrellus pipistrellus,0.817,0.822,0.9435,0.9491,,a8690dc8-b923-4714-ba79-28e6dd492c92
Pipistrellus pipistrellus,0.769,0.772,1.0255,1.032,,d70f41cf-b096-434a-a635-7e8e7a32aa81
Pipistrellus pipistrellus,0.715,0.72,1.0925,1.099,,d1695c45-b3ba-43d5-8134-5b61cb44c072
Pipistrellus pipistrellus,0.702,0.706,1.1715,1.177,,bc8d0e40-511b-42b6-b4cf-d57d8b592b79
Pipistrellus pipistrellus,0.776,0.781,1.2785,1.2845,,3028dff9-810d-43e8-990c-2a36d62878aa
Pipistrellus pipistrellus,0.767,0.772,1.3475,1.3535,,73a0a355-e2e3-424d-9324-f6ddda84d925
Pipistrellus pipistrellus,0.741,0.744,1.4295,1.4343,,456f83c0-22cf-4803-8d70-aa63997f541c
Pipistrellus pipistrellus,0.775,0.785,1.4995,1.5046,,aed89cda-1b80-4966-ba19-c9aef9a62a2c
Pipistrellus pipistrellus,0.762,0.767,1.5815,1.587,,e0f85c94-1b56-4f68-a7d6-6ffa5cd37410
Pipistrellus pipistrellus,0.766,0.771,1.6305,1.6359,,7a581f93-0e74-44fd-9ad9-0632a3bd52b5
Pipistrellus pipistrellus,0.683,0.709,1.6715,1.6775,,0a0a2c2d-867f-497b-9c7a-6a6b0e701322
Pipistrellus pipistrellus,0.744,0.749,1.7275,1.7325,,b8a67617-bce3-44e3-a401-841a18a136db
Pipistrellus pipistrellus,0.686,0.7,1.7925,1.7989,,1d5eaa6d-d356-40af-888c-84985fca6e70
Pipistrellus pipistrellus,0.777,0.782,1.8715,1.8768,,29d56c51-8007-461f-96a6-04275d11258c
Pipistrellus pipistrellus,0.65,0.652,1.9575,1.963,,0e11061a-f91c-4646-8fa4-3f3c7e014be0
Pipistrellus pipistrellus,0.752,0.762,2.0415,2.0468,,a1a4d0d0-c1a1-439f-ad5e-8c25ea8b53d8
Pipistrellus pipistrellus,0.706,0.712,2.1295,2.1347,,36bd4dcd-59c8-4af7-9357-745a897d6785
Pipistrellus pipistrellus,0.715,0.729,2.2185,2.2248,,f8b93e2e-2c2c-4402-b0f7-758bde61eb7b
Pipistrellus pipistrellus,0.765,0.771,2.3115,2.3182,,0052c762-6c3e-4930-b5ab-d156903368d2
Pipistrellus pipistrellus,0.801,0.807,2.4065,2.4125,,52fa4cbf-90f7-4ca4-b9c3-8c26d42a9358
Pipistrellus pipistrellus,0.698,0.704,2.5045,2.5105,,59434f4e-5b91-4544-8418-09e034e94548
Pipistrellus pipistrellus,0.79,0.811,2.5955,2.6016,,92916dee-d4a6-465f-8c07-badb05374f97
Pipistrellus pipistrellus,0.707,0.711,2.6815,2.6872,,b9f49c11-59ae-4495-86b4-a300c023db5e
Pipistrellus pipistrellus,0.706,0.714,2.7675,2.7737,,5e7a670b-ed1c-4ca3-8ec0-e8621c6b1e6d
Pipistrellus pipistrellus,0.629,0.632,2.8225,2.8278,,5b06ab80-6574-487b-8532-ce145f0e3612
Pipistrellus pipistrellus,0.685,0.688,2.8755,2.8813,,7f1f09e3-a7f5-47fe-8e3f-d66ed8210b4f
Pipistrellus pipistrellus,0.556,0.559,2.9285,2.9336,,cb82d63f-f5fc-4311-9f5d-deca8a7894ec
Myotis nattereri,0.576,0.594,0.2135,0.217,,3dd1d0b1-6669-480b-b897-d0c3af6f4206
Myotis nattereri,0.605,0.626,0.2735,0.2773,,9beb2981-0d63-4ded-bdf1-71136901f5ea
Myotis nattereri,0.506,0.525,0.3495,0.3533,,59bc03a2-5db1-48a1-b49b-d4b3aeaf92ab
Myotis nattereri,0.511,0.525,0.4245,0.4277,,886790f1-d47e-40a8-98ed-1e5473de4ed9
Myotis nattereri,0.599,0.635,0.4975,0.5006,,ae7bb71e-16e8-4876-9312-40ad5f7a9e57
Myotis nattereri,0.646,0.698,0.5935,0.5967,,f74a7693-404b-4f29-b324-901757f5801c
Myotis nattereri,0.488,0.512,0.7335,0.7367,,76f78a13-a541-48fe-8a68-9b608e15dd05
Myotis nattereri,0.518,0.54,0.7935,0.7975,,b772fc3d-b684-4216-9821-f16409abe5de
Myotis nattereri,0.563,0.584,0.8455,0.8493,,6e899be1-f6d8-4d17-8557-076b79576cd0
Myotis nattereri,0.595,0.634,0.9115,0.9149,,f3903074-9062-49d3-b53f-2ea81e9a06be
Myotis nattereri,0.549,0.58,0.9665,0.9703,,f56d3022-c804-4b57-94b8-f57221f5a5e4
Myotis nattereri,0.579,0.611,1.0285,1.0326,,bb900029-9560-492d-8369-d024f26acf13
Myotis nattereri,0.599,0.633,1.0845,1.089,,225dcac9-8ace-4475-ad70-0af918c2f015
Myotis nattereri,0.501,0.522,1.1655,1.1693,,6fe75789-77ba-4981-aaa0-f799c8199f45
Myotis nattereri,0.505,0.526,1.4725,1.4761,,3ac403f4-ae31-46b4-9da1-5fcfdcd50b68
Myotis nattereri,0.493,0.514,1.5395,1.5429,,4dcff57e-46a0-483f-a9a3-9eabf984925b
Myotis nattereri,0.576,0.603,1.6005,1.6047,,af9298b1-af8a-48b9-93b0-165c0f7e0250
Myotis nattereri,0.664,0.715,1.6585,1.6622,,d965bd3e-afbf-49d0-aced-10d3c2e1fd30
Myotis nattereri,0.529,0.568,1.7325,1.7368,,1e685d2c-8325-4633-a482-5a0129b3bb24
Myotis nattereri,0.598,0.63,1.8735,1.8773,,c4da78ea-6228-41ab-8fd3-863729857474
Myotis nattereri,0.566,0.603,1.9455,1.9494,,0bc7366e-9848-41c4-8160-9a43c58b1b95
Myotis nattereri,0.592,0.637,2.0275,2.031,,dd1273ea-68fb-426a-9c94-ed10e58f176e
Myotis nattereri,0.583,0.622,2.1295,2.1344,,9044d9ff-580e-49b5-a9ea-c35bc715f956
Myotis nattereri,0.57,0.608,2.2425,2.2464,,fc33af34-8b71-4fc0-ad82-d7d347ad46fa
Myotis nattereri,0.642,0.713,2.3305,2.3355,,f9c8ef3e-564f-4509-a7d9-ab2cb911d8a1
Myotis nattereri,0.617,0.686,2.4185,2.4229,,e374adc4-7302-49b4-ba1a-2f87b4438c5d
Myotis nattereri,0.638,0.683,2.4955,2.4994,,b7e30392-0cd1-49c3-a837-f0c238803b42
Myotis nattereri,0.579,0.622,2.5715,2.5763,,5516c8fe-4303-4935-8f05-efbcdfde3fe8
Myotis nattereri,0.66,0.749,2.6495,2.654,,713d4e5d-812c-49eb-b004-74b1f2f5f6f7
Myotis nattereri,0.53,0.55,2.7015,2.705,,46b7bef1-bef5-4a45-94cd-3e94f3b756aa
Myotis mystacinus,0.202,0.514,0.5825,0.5858,,28030da3-51a2-4f26-bfc8-a53057759ce3
Myotis mystacinus,0.199,0.529,0.6355,0.6388,,6a60baab-65b6-45ce-9a7b-2dcd17d85c26
Myotis bechsteinii,0.262,0.539,2.0665,2.0701,,6e2d23f7-3cc8-4895-b0bc-0887ff775d0c
Rhinolophus hipposideros,0.503,0.503,0.0055,0.0494,,cd111171-9086-4d2b-bb9c-1a8c1d48da5f
Rhinolophus hipposideros,0.667,0.667,0.0665,0.1049,,a7dda4fd-d57d-4b36-a53e-90f5cdaa7a74
Rhinolophus hipposideros,0.508,0.508,0.8565,0.896,,7e6a469b-426f-41b7-a20e-569900aa00af
Rhinolophus ferrumequinum,0.504,0.504,1.6795,1.7341,,fb519974-d35d-4d59-935b-d1968edef77f
Rhinolophus hipposideros,0.626,0.626,1.6805,1.7277,,4ce5db5f-b2a5-4910-8a5e-0302eee64a8f
Rhinolophus hipposideros,0.663,0.663,1.7575,1.8051,,58dd7ce2-5fe5-4d15-93e0-47537d7b64d6
Rhinolophus hipposideros,0.529,0.529,1.8375,1.878,,878e2e0d-ee0a-4dc0-b78a-716f7c6b33a0
Rhinolophus hipposideros,0.665,0.665,1.9185,1.9635,,c7effe85-8dce-46b3-a1d4-6eae9e338c05
Rhinolophus hipposideros,0.549,0.549,2.5605,2.6034,,0a60ab57-3d31-4c21-a17e-0eaf5e257be4
Rhinolophus hipposideros,0.578,0.578,2.6415,2.6899,,56424ef4-f7cf-4256-a879-b8b0333c67da
Rhinolophus hipposideros,0.572,0.572,2.7255,2.7701,,0ae09541-4862-4d43-9124-9c1f788324d4
Rhinolophus hipposideros,0.581,0.581,2.8205,2.8645,,d9d56d22-a2e9-4678-abe1-276bcb2da2a2
Rhinolophus hipposideros,0.656,0.656,2.9125,2.9616,,b16833ac-bca1-4a23-a89c-e631fce9eeaf
Rhinolophus ferrumequinum,0.568,0.568,0.5385,0.5961,,f18611f4-58c5-40c0-ab66-eae5c7aca4ac
Rhinolophus hipposideros,0.513,0.513,0.7095,0.7482,,233f3eea-f9ec-4021-98ab-905d142feee6
Rhinolophus hipposideros,0.612,0.612,0.7985,0.846,,7c543464-74de-4768-9cba-b6c0fa095eef
Rhinolophus hipposideros,0.553,0.553,0.8295,0.8706,,7b772ccd-63ba-4217-a2df-b4075a63f5e5
Rhinolophus ferrumequinum,0.529,0.529,0.8875,0.9446,,79369e2f-ac27-495c-9680-ad44dd8a1e84
Rhinolophus hipposideros,0.524,0.524,0.8885,0.9329,,34542b26-fc28-4a40-ab65-6d55ea02f4c2
Rhinolophus hipposideros,0.523,0.523,1.2225,1.2596,,10d52fc6-b9ae-456c-b3d5-b677cbfe48be
Rhinolophus hipposideros,0.633,0.633,1.5595,1.6078,,f7caf610-a1f9-4961-8a50-69ec5c1edbcd
Rhinolophus hipposideros,0.565,0.565,2.0085,2.0547,,f26a5033-dc61-47fb-9f1d-15e81f155325
Rhinolophus hipposideros,0.527,0.527,2.0775,2.1202,,bf507fb0-bf38-418e-8974-bae4fc244548
Rhinolophus hipposideros,0.527,0.527,2.1805,2.2249,,63d23d1d-8bc8-4126-8f7b-3b0c48e7a8b8
Rhinolophus ferrumequinum,0.532,0.532,2.1805,2.2387,,e8411fc4-2bea-43d8-96eb-205df19fa11b
Rhinolophus hipposideros,0.595,0.595,2.2205,2.2563,,77181cf2-3ce4-40b4-98ac-94dfac7fdbf6
Rhinolophus hipposideros,0.584,0.584,2.2915,2.3358,,3dbf8113-0ae5-4ce8-9d92-17301bcab279
Rhinolophus hipposideros,0.563,0.563,2.4175,2.4615,,785ff439-6652-4031-aa29-dabbb31d36d5
Rhinolophus hipposideros,0.73,0.73,2.5555,2.6034,,be20bc70-e42b-49cf-a217-97a051e262c3
Rhinolophus ferrumequinum,0.557,0.557,2.5565,2.6144,,6a78a590-6c91-436e-ad63-030d8959f79b
Pipistrellus pipistrellus,0.638,0.665,2.0275,2.0343,,b8caf40b-b5bb-4c2c-88a6-c771faff52dc
Pipistrellus pipistrellus,0.611,0.705,2.2075,2.2151,,49ea804d-cb3e-4ab4-bbbb-c104f9b9ae05
Pipistrellus pipistrellus,0.435,0.526,1.4995,1.5078,,5500ae09-1a0f-4669-a881-00d67c9139aa
Pipistrellus pipistrellus,0.49,0.558,1.5755,1.5838,,b11fa68c-4ff4-403b-956d-974c1ad72024
Pipistrellus pipistrellus,0.648,0.653,0.5075,0.5143,,34bdb927-ebf4-45ca-964d-b9929d10d450
Pipistrellus pipistrellus,0.652,0.658,0.5985,0.6059,,a3fc0537-5e2e-40eb-9e0a-9daefb6235dd
Pipistrellus pipistrellus,0.699,0.702,0.6915,0.6984,,85bee7f1-75be-4f2b-8751-1706f79c058d
Pipistrellus pipistrellus,0.674,0.679,0.7905,0.7972,,2712f509-2043-4ff8-aa69-8e6a10f6c766
Pipistrellus pipistrellus,0.727,0.731,0.8845,0.8912,,c04c3a7b-a723-4eee-8c65-0a3a72392881
Pipistrellus pipistrellus,0.702,0.708,0.9755,0.9838,,a53568e1-10ea-471f-91ca-9d2a076779fa
Pipistrellus pipistrellus,0.76,0.772,1.0575,1.0635,,6e98a29e-26bf-492e-810b-10fa53372a22
Pipistrellus pipistrellus,0.737,0.754,1.1335,1.1411,,18495c07-eb85-46c5-a2fb-dce99e29ce31
Pipistrellus pipistrellus,0.784,0.8,1.2205,1.2266,,2479e32b-eb66-49c9-9347-cf35131c7b13
Pipistrellus pipistrellus,0.748,0.759,1.3025,1.3083,,00988e8f-97df-4e1e-9f18-dd73626cb5d4
Pipistrellus pipistrellus,0.798,0.809,1.3825,1.3899,,832d1bf8-5185-4df5-a251-de6dea3cf081
Pipistrellus pipistrellus,0.749,0.758,1.5435,1.5495,,b8f151ca-bf4a-45d2-b6f2-2e4337f62dad
Pipistrellus pipistrellus,0.785,0.805,1.7005,1.7073,,7f21c46b-e632-45b4-bdf5-39f811f41164
Pipistrellus pipistrellus,0.555,0.558,1.7445,1.7498,,6badc8c8-9161-4da9-8c3a-f82d0b1e7229
Pipistrellus pipistrellus,0.767,0.782,1.8655,1.8714,,19428dea-b400-4686-acca-4639acbe498c
Pipistrellus pipistrellus,0.719,0.725,1.9445,1.9512,,6317e416-fcc6-4701-ab0b-5b793a2cc056
Pipistrellus pipistrellus,0.658,0.664,2.0065,2.0132,,ec64dc85-39d0-47d5-9ef1-2bd86e4fddf8
Pipistrellus pipistrellus,0.712,0.721,2.0785,2.085,,987b8e2a-1e9b-4e5b-beed-395ed35c9c1d
Pipistrellus pipistrellus,0.732,0.739,2.1465,2.1526,,2b28d90b-f58f-45db-99ad-ca15bee020f2
Pipistrellus pipistrellus,0.696,0.71,2.3055,2.3121,,269c799d-2817-44a4-bb18-82568bdc29b2
Pipistrellus pipistrellus,0.67,0.689,2.3635,2.369,,eb9fe0e0-9907-46e0-be94-6b0309bfb388
Pipistrellus pipistrellus,0.558,0.565,2.4125,2.4178,,fec2ed66-99ec-4098-9bb1-099914d347a5
Pipistrellus pipistrellus,0.5,0.504,2.4585,2.4638,,257b6d47-5e59-44d9-94ee-d07e5a5d0ed9
Pipistrellus pipistrellus,0.747,0.766,2.9405,2.9464,,771bcee1-e9a3-4e21-96bb-8500cdc45592
Myotis nattereri,0.591,0.636,0.0605,0.0643,,f3d880c5-71ec-405f-9617-c1b27c17a40c
Myotis nattereri,0.52,0.546,0.1095,0.1136,,50a1e4aa-e496-4554-91d6-a732b1183861
Myotis nattereri,0.621,0.656,0.1575,0.1614,,8ce2dcc0-b12d-4401-bf87-96a916227dd0
Myotis nattereri,0.668,0.701,0.1925,0.1969,,9558def8-a426-4ada-9373-00a48aa4d0c1
Myotis nattereri,0.569,0.594,0.2375,0.242,,22bbb1a6-3e85-44d4-8c70-c8d34e9e42ba
Myotis nattereri,0.602,0.622,0.2835,0.2879,,016e0094-e1e4-425b-b8c0-795975681574
Myotis nattereri,0.541,0.557,0.3295,0.3332,,9911bbbf-8871-457b-87ed-68440bc58251
Myotis nattereri,0.587,0.612,0.5725,0.5769,,b331d673-a447-4f0e-ae7e-86bbd268e5f9
Myotis nattereri,0.525,0.54,0.6325,0.637,,ddfb1baf-3414-4cc7-9e5f-8deeab80d4ce
Myotis nattereri,0.638,0.667,0.7875,0.7922,,01b21b71-d775-49e0-9f5b-99e603d25d42
Myotis nattereri,0.49,0.506,0.8285,0.8325,,4e96d8cf-bbbb-42f7-95cc-128e61be5a59
Myotis nattereri,0.598,0.623,0.9265,0.9306,,22a4b886-9d8b-497c-855b-27ab56070823
Myotis nattereri,0.535,0.551,0.9755,0.9797,,75157983-7405-4cef-8567-7d9a8b7f86da
Myotis nattereri,0.574,0.601,1.0275,1.0317,,971432b4-eb3a-4db7-9480-07f6acb8e21e
Myotis nattereri,0.61,0.651,1.0715,1.0754,,2bd8ffe5-476e-4859-8095-1fb8a885104b
Myotis nattereri,0.482,0.502,1.1225,1.1267,,e14955dc-ab3d-4c21-a211-243e9feb0de5
Myotis nattereri,0.553,0.592,1.2135,1.2173,,ade4d9c0-4a49-4b24-ab84-1a6d5ea7a13c
Myotis nattereri,0.669,0.755,1.3515,1.3562,,a60f4cfc-5c87-4017-b766-47915eb9aa96
Myotis nattereri,0.528,0.559,1.5635,1.5673,,7c319735-fc90-48aa-a9fb-c267a6220f30
Myotis nattereri,0.541,0.57,1.6175,1.6214,,09229b28-3976-4278-b79c-286837744f98
Myotis nattereri,0.525,0.563,1.6905,1.6949,,38adf860-32b0-4572-b4aa-2349a52178cb
Myotis nattereri,0.612,0.677,2.0585,2.0632,,7f80c5a5-788b-497e-b348-976c25dd92ba
Myotis nattereri,0.598,0.678,2.1935,2.199,,5031a67c-448a-4b49-b318-0ebc9703c8b0
Myotis nattereri,0.528,0.557,2.2545,2.2589,,e119a933-787a-48c9-a517-23bbab82e824
Myotis nattereri,0.502,0.537,2.3065,2.3108,,e52ae637-0db2-42eb-aca3-56310bb24988
Myotis nattereri,0.555,0.577,2.3525,2.3568,,11d14728-fdf3-4ceb-a997-9648c8072acc
Myotis nattereri,0.544,0.57,2.4095,2.4139,,31b884be-3612-4378-a32e-299352524bbf
Myotis nattereri,0.605,0.627,2.4655,2.4694,,6ea0115a-9aa4-40b9-a40e-b76298dce994
Myotis nattereri,0.674,0.719,2.5325,2.537,,42a0c479-80a2-463d-9255-9e135842b18e
Myotis nattereri,0.607,0.65,2.6095,2.6133,,00156471-f781-4c61-9cd0-37446393c557
Myotis nattereri,0.582,0.612,2.6685,2.6729,,0c9c858b-4faa-417b-84fa-04ef543ceb78
Myotis nattereri,0.581,0.618,2.7655,2.7696,,b7c51c4b-2da8-4dcd-b003-54fd4bbb4dea
Myotis mystacinus,0.347,0.564,2.2315,2.2361,,45e12b5d-5570-4f33-9e8a-0a3eefd73f37
Myotis mystacinus,0.344,0.558,2.4845,2.4887,,522371ca-0744-457c-9bc6-b8a40a247b2a
Myotis mystacinus,0.331,0.522,2.5985,2.6028,,692ff614-fad7-4b85-bbf5-cec47cd39eef
Myotis mystacinus,0.365,0.547,2.6945,2.6984,,5ae27f29-5663-431a-98f4-1713466fb94d
Myotis mystacinus,0.379,0.548,2.7725,2.7767,,03cb2774-90e7-406a-9e17-157a6b342054
Myotis mystacinus,0.398,0.549,2.8525,2.8574,,fc61422c-d084-46f8-9b6c-6f8b887b1f4f
Rhinolophus ferrumequinum,0.502,0.502,0.0125,0.068,,fc2bda58-faec-434e-a8d4-f51fd98515c9
Rhinolophus hipposideros,0.584,0.584,0.0125,0.0519,,6f820594-becb-4c84-9920-b9c8e649d4dc
Rhinolophus hipposideros,0.527,0.527,0.0915,0.1347,,87408234-547d-4656-a6ec-c82e5210b85b
Rhinolophus hipposideros,0.612,0.612,0.1785,0.2235,,3e6e5d5d-6929-4ed0-9b4f-f9979f2df2e8
Rhinolophus hipposideros,0.522,0.522,0.2685,0.3097,,4fff3dc9-764d-4418-b34a-d6bb7a455b82
Rhinolophus ferrumequinum,0.57,0.57,0.3365,0.3902,,d3b8344c-d9cf-401c-81d6-0b41a0c729cd
Rhinolophus hipposideros,0.576,0.576,0.3385,0.3822,,46b2c9f7-c0cd-4ecc-92cb-ae48dc8b5680
Rhinolophus hipposideros,0.545,0.545,0.4295,0.4715,,50572c3d-b385-4b2e-acb0-c0666799b948
Rhinolophus ferrumequinum,0.505,0.505,0.5145,0.5663,,65063bb6-7b39-4ecc-a77f-ad4e896b96f5
Rhinolophus hipposideros,0.601,0.601,0.5145,0.5598,,290ea1eb-7d38-4a97-9c49-8e65bffda8a6
Rhinolophus hipposideros,0.608,0.608,0.6035,0.6488,,f36bb32b-701e-4f2e-8f59-5fb8487d915b
Rhinolophus hipposideros,0.542,0.542,0.6795,0.7235,,7e036182-44a2-45de-b132-953c590e4d17
Rhinolophus hipposideros,0.616,0.616,0.7555,0.7975,,1c95cd93-70e4-410d-9c94-3557ab3f3831
Rhinolophus ferrumequinum,0.551,0.551,0.8305,0.8861,,08ae31e1-3fa8-4fdc-978e-f1c6cd608653
Rhinolophus hipposideros,0.608,0.608,0.8325,0.8831,,0132ee62-caf9-444e-8335-15308b2e3c16
Rhinolophus ferrumequinum,0.529,0.529,1.1055,1.1582,,1afd67d8-ec37-45c1-bc99-dffb0ab4db4b
Rhinolophus hipposideros,0.526,0.526,1.1945,1.2383,,8263837f-de17-418a-afdd-d8a7cc5d1f48
Rhinolophus hipposideros,0.542,0.542,1.3755,1.4191,,4cf75f6d-4254-472b-ab51-3c11c50b7d0e
Rhinolophus ferrumequinum,0.515,0.515,1.4615,1.5165,,97ae045b-e1c6-4bca-998e-6c07a248add5
Rhinolophus hipposideros,0.598,0.598,1.4615,1.5058,,d5a37f73-ed60-4bca-ad94-59db89442c29
Rhinolophus ferrumequinum,0.501,0.501,1.5505,1.6064,,4734b92b-4026-4781-b77c-599c5081b527
Rhinolophus hipposideros,0.662,0.662,1.5515,1.5966,,7e91b48b-aac2-4bd5-b52b-3873da792290
Rhinolophus hipposideros,0.599,0.599,1.5975,1.6339,,119a00af-5dad-4d80-b6c1-a8d07b09f5fa
Rhinolophus ferrumequinum,0.532,0.532,1.6435,1.6971,,634bc31d-091f-4003-bfd3-f80d5981862f
Rhinolophus hipposideros,0.648,0.648,1.6885,1.7299,,c2668f2c-5c84-4c72-ac11-3bf89b549b32
Rhinolophus ferrumequinum,0.538,0.538,1.7565,1.8129,,e3de990d-4113-45f3-a1a6-7a8e67b8b06b
Rhinolophus hipposideros,0.651,0.651,1.9765,2.0189,,4f5828ce-7670-4f3c-a593-3a8e9afa97c8
Rhinolophus hipposideros,0.58,0.58,2.0565,2.0941,,4b91b351-23f3-4737-a22f-e31d766a06f7
Rhinolophus hipposideros,0.627,0.627,2.5785,2.621,,fcdf90c8-472f-48ab-9959-f7d0f6066a5c
Rhinolophus hipposideros,0.589,0.589,2.7045,2.7441,,515883ed-0e05-49f5-a60a-d13d258d469a
Rhinolophus ferrumequinum,0.504,0.504,2.7065,2.755,,8c17e936-291b-4b42-b607-fa3433933997
Rhinolophus hipposideros,0.64,0.64,2.9425,2.9848,,c039f5f0-dc6c-4f9b-8e34-ef582fc2d444
Nyctalus leisleri,0.53,0.639,0.8305,0.8448,,75aa16d5-8519-4560-8bc8-76c7ca506694
Pipistrellus pipistrellus,0.625,0.641,0.5095,0.5165,,3daaff01-e4a1-4aee-96a8-e476cc77a12a
Pipistrellus pipistrellus,0.666,0.672,0.6045,0.6108,,6a73e791-4c1f-425c-9666-67ee15a5adb7
Pipistrellus pipistrellus,0.666,0.67,0.6935,0.6991,,3e98ee5b-c1af-4da9-a40c-02cc64f27509
Pipistrellus pipistrellus,0.718,0.727,0.7655,0.7712,,6c93d5eb-537f-43a1-9546-182ce2c8c125
Pipistrellus pipistrellus,0.589,0.599,0.8545,0.861,,80fc95bf-e2ab-40db-bd31-1f378c09916c
Pipistrellus pipistrellus,0.722,0.736,0.9435,0.9493,,dc15ba00-f0ed-48cf-8c84-606dbade39bb
Pipistrellus pipistrellus,0.766,0.772,1.0275,1.0338,,945ea12a-9754-4b20-b8ad-bf369f90c207
Pipistrellus pipistrellus,0.744,0.768,1.1175,1.1233,,519ccb88-ad24-4546-9443-6dbcbf85b6cb
Pipistrellus pipistrellus,0.694,0.703,1.2085,1.2148,,d5d7f8c0-6104-41dd-a826-fbe089df1d10
Pipistrellus pipistrellus,0.776,0.827,1.3595,1.3657,,e76e5997-e05c-419b-878a-f95e3b229931
Pipistrellus pipistrellus,0.701,0.707,1.5455,1.552,,e9a7add5-24a0-4766-835d-9e702ba9cbaf
Myotis mystacinus,0.265,0.533,1.0485,1.0519,,411cc2a2-3961-4572-ab4a-760e517ea0f8
Myotis mystacinus,0.232,0.517,1.1245,1.1281,,84e82908-8e5d-4566-bbcd-7d87fd64964c
Myotis mystacinus,0.239,0.516,1.3595,1.3632,,169099f8-8464-40d4-a85e-7404d7c29e32
Myotis mystacinus,0.326,0.524,1.4135,1.4165,,894baf6d-8d31-4701-9dbe-4cd529e92380
Myotis mystacinus,0.351,0.533,1.5285,1.5316,,78b05a5f-cc5d-453c-a1cc-3fae04f92848
Myotis mystacinus,0.322,0.551,1.9075,1.9108,,a1a7c888-2264-4f18-ae00-191e8f345f69
Rhinolophus ferrumequinum,0.513,0.513,1.1255,1.1784,,0aff4344-96b5-4c65-875e-55ca7bcda9bf
Rhinolophus hipposideros,0.521,0.521,1.1255,1.1666,,772ff41b-dce6-4ab2-90de-32a524990c4e
Rhinolophus hipposideros,0.511,0.511,1.3195,1.3616,,3a74ea27-27fc-4911-8715-3e8b90894c50
Rhinolophus hipposideros,0.535,0.535,2.1005,2.1452,,ff62c997-4bca-4c28-a7c2-019ea56a34b8
Rhinolophus hipposideros,0.548,0.548,2.1825,2.2255,,feba8735-5660-4ce3-bb11-e4c721c3ab14
Rhinolophus hipposideros,0.502,0.502,2.2115,2.2554,,58b6b8dc-c1c3-43cb-ab0c-82e1efa0bac6
Rhinolophus ferrumequinum,0.518,0.518,2.3555,2.4107,,c5199937-4822-4130-9647-b550af4d9225
Rhinolophus hipposideros,0.687,0.687,2.3575,2.408,,5a065d40-c7a1-46f2-80d0-46c1b33ec562
Rhinolophus hipposideros,0.554,0.554,2.4445,2.4913,,1b0b6a09-b54d-49e7-bb69-4e5a9c2120d4
Rhinolophus hipposideros,0.657,0.657,2.5375,2.5839,,b839243b-5f0a-43ac-bb3b-711b5e159dc7
Rhinolophus ferrumequinum,0.532,0.532,2.5375,2.5942,,87f7b783-5794-4414-bfbb-7083931e3b61
Rhinolophus hipposideros,0.518,0.518,2.6175,2.6601,,db6d0056-5877-428e-852d-16ae5c6e74ee
Rhinolophus hipposideros,0.635,0.635,2.7055,2.7534,,0aed6e45-0b32-4411-8a8f-f9badb90271d
Rhinolophus ferrumequinum,0.538,0.538,2.7985,2.8527,,f3ca1fb2-c246-4c7e-8743-30772b7b1a95
Rhinolophus hipposideros,0.633,0.633,2.8005,2.85,,034d0fb9-eaf3-4863-b735-042b57e39f14
Rhinolophus ferrumequinum,0.537,0.537,2.8895,2.9445,,4102cd1a-de1f-42d2-b51d-01fc938fb87d
Rhinolophus hipposideros,0.66,0.66,2.8895,2.9387,,09e56610-92f4-4e00-8891-ae85d53de849
Rhinolophus ferrumequinum,0.592,0.592,2.9695,3.024,,3933e86c-a33d-4888-86b0-79ecdff84e28
Rhinolophus hipposideros,0.66,0.66,2.9695,3.0208,,7b24580d-a901-4b58-86aa-1230aba91e83
Pipistrellus pipistrellus,0.556,0.605,0.0725,0.0806,,db20a185-de0a-4ed5-995e-d4d93a7f513c
Nyctalus leisleri,0.488,0.537,0.0685,0.0853,,b5f47ab6-7ef0-4308-9179-074a21fe374e
Nyctalus leisleri,0.432,0.527,2.1225,2.1407,,4556dbe3-c729-4dbc-a9a5-581fbbfaee45
Pipistrellus pipistrellus,0.741,0.774,0.0325,0.0392,,406e3767-65f3-48be-af56-a5b357fe2e47
Pipistrellus pipistrellus,0.65,0.746,0.1255,0.1326,,a612ce89-6923-4419-8c0c-c27c3d8ff6ea
Pipistrellus pipistrellus,0.723,0.739,0.2975,0.3031,,ead9f4d4-1503-483d-b38a-5d2f6e6fb20f
Pipistrellus pipistrellus,0.66,0.736,0.3885,0.3968,,ed89837b-bc65-4f55-8e6e-21a0b6949158
Pipistrellus pipistrellus,0.638,0.699,0.5505,0.5569,,8253c9a7-a377-45d1-be3d-d5bf4756e721
Pipistrellus pipistrellus,0.524,0.589,0.6475,0.6584,,ea2c8fea-2e29-409b-9eb9-5b4530edeec1
Pipistrellus pipistrellus,0.613,0.681,0.7435,0.7509,,8f5c55f9-22dd-4196-a841-3f92947f9aef
Pipistrellus pipistrellus,0.728,0.743,0.8255,0.8312,,a6d71cd0-6080-4139-8272-3919b4c20561
Pipistrellus pipistrellus,0.685,0.702,0.9205,0.9262,,f861a447-1b0c-49b2-b48d-01bdd87e16ec
Pipistrellus pipistrellus,0.579,0.596,1.0155,1.0213,,c4727364-8dd9-4979-8bea-0136cdf4cb1d
Pipistrellus pipistrellus,0.641,0.653,1.1175,1.1225,,bd7a5279-6c28-47f2-a1ed-358b4ce95079
Pipistrellus pipistrellus,0.564,0.569,1.1995,1.2046,,efd03c86-0ed6-4a72-841b-c3aeb7f163f5
Pipistrellus pipistrellus,0.586,0.592,1.2965,1.3025,,96210831-0b7c-468d-8494-25c5d8f2a0d9
Pipistrellus pipistrellus,0.705,0.714,1.3805,1.3856,,be3c9a5a-3509-46d2-af8c-c2b0a75262b8
Pipistrellus pipistrellus,0.652,0.66,1.4655,1.4709,,2471d157-74ee-4cda-9e56-be38b8dec9f1
Pipistrellus pipistrellus,0.699,0.704,1.5625,1.5687,,44df84ef-34af-4486-a176-3c90e7186591
Pipistrellus pipistrellus,0.668,0.693,1.7435,1.7497,,6f9592b7-9183-49ac-a0f5-7c39060a0cc5
Pipistrellus pipistrellus,0.715,0.727,1.8055,1.8128,,f151ea55-b09c-44e4-8454-67ddf4060ad7
Pipistrellus pipistrellus,0.703,0.72,1.8935,1.9006,,0a8ff062-dfd6-476a-add2-b7a5bcd14275
Pipistrellus pipistrellus,0.702,0.713,2.0755,2.082,,6d3fef4c-e360-4463-8457-0e2a79dce25d
Pipistrellus pipistrellus,0.682,0.705,2.3495,2.355,,832f4aa1-a3e5-490d-bcf4-93681e8b010f
Pipistrellus pipistrellus,0.6,0.604,2.5435,2.5501,,64be9a5c-8573-45c8-95a7-4d89314e8211
Pipistrellus pipistrellus,0.521,0.538,2.8085,2.8147,,76181c30-1c60-4a12-9314-dc721a523219
Pipistrellus pipistrellus,0.527,0.549,1.2735,1.2799,,a67d3d0f-d69b-4eb0-bf62-c1d09bdbc0af
Pipistrellus pipistrellus,0.574,0.614,2.8175,2.8262,,75cd38d4-335f-4a0b-b1a5-f0824fcd5b16
Pipistrellus pipistrellus,0.59,0.612,2.9055,2.9128,,91dbea25-c052-4511-b0d2-0fa4bfa3e4b4
Rhinolophus hipposideros,0.629,0.629,0.0535,0.0895,,923fc161-77ba-4a97-82be-63112450dc84
Rhinolophus hipposideros,0.57,0.57,0.2445,0.2821,,3a3e6e71-392a-483f-be42-4a4915a7a90c
Rhinolophus ferrumequinum,0.523,0.523,0.7125,0.7604,,69ce7a5e-7cb2-49c7-804f-fcb5e28ab388
Rhinolophus hipposideros,0.504,0.504,1.0685,1.1028,,911a6f2d-9e9e-4cec-959f-955ad29e2c3d
Rhinolophus hipposideros,0.505,0.505,1.1145,1.1478,,cda41e22-a908-4882-9672-c48f95776d88
Rhinolophus ferrumequinum,0.514,0.514,1.1715,1.2214,,3a22f4ce-0b7d-4746-a04e-78aa4a7dbc1d
Rhinolophus hipposideros,0.623,0.623,1.5125,1.5532,,4a03e3ba-9286-4f4e-a854-6d25c29bb280
Rhinolophus ferrumequinum,0.527,0.527,1.5855,1.6432,,85c0401e-317d-4f5a-a95f-e553ee731baf
Rhinolophus hipposideros,0.545,0.545,1.8335,1.8681,,78232698-eecc-483f-80f6-8aba55763727
Rhinolophus ferrumequinum,0.58,0.58,1.8355,1.8851,,20b35265-b292-4cf2-8e5a-3e151cd5ab8d
Rhinolophus hipposideros,0.528,0.528,1.9365,1.9678,,91c70980-8b4f-45db-8b51-700690196f79
Rhinolophus ferrumequinum,0.657,0.657,2.2475,2.301,,bc7f1a12-2a5c-4382-8d0f-ebb0aa1f22a8
Rhinolophus hipposideros,0.57,0.57,2.4915,2.5281,,4e3e1023-ab03-4b8f-b77e-1f052bee3ae1
Rhinolophus ferrumequinum,0.595,0.595,2.6245,2.6764,,a9b4af60-2ade-4125-b343-0fecb1c13ed1
Rhinolophus ferrumequinum,0.537,0.537,2.9095,2.9596,,5ecd724f-a13f-4d94-8280-3451a32a1db3
Rhinolophus hipposideros,0.535,0.535,2.9495,2.9867,,c2a737ad-e207-4e0d-8e57-2439965a9a39
Pipistrellus pipistrellus,0.509,0.527,2.5235,2.53,,acad7d67-2d86-4c07-a0b8-4bef7d807ee9
Pipistrellus pipistrellus,0.634,0.65,2.6005,2.6067,,a753dd77-b66d-4d75-80d1-ce68d048271f
Pipistrellus pipistrellus,0.72,0.739,2.8605,2.8665,,6dd6db15-5e7a-4e38-a5ca-ff2361727c0b
Pipistrellus pipistrellus,0.528,0.535,2.9435,2.9494,,b392c161-f671-4af4-a47a-1885c65e97b4
Myotis nattereri,0.653,0.691,0.0415,0.0462,,d9f07143-5571-4ff0-91d9-9ea50d088bb6
Myotis nattereri,0.614,0.641,0.1095,0.1146,,87753161-a15e-4f31-89ca-a0c83630c546
Myotis nattereri,0.635,0.668,0.1645,0.1701,,bb00054d-4324-4925-8c5e-c40abafa3624
Myotis nattereri,0.612,0.636,0.2345,0.2391,,069ce012-9b9c-4843-a3c1-8cd2306b33f1
Myotis nattereri,0.584,0.614,0.3015,0.307,,c217edd8-b115-43bc-8de7-37bac8434440
Myotis nattereri,0.551,0.567,0.3545,0.359,,61f6039f-bdd2-41de-be46-d65747411026
Myotis nattereri,0.53,0.55,0.4025,0.4074,,db16cfa3-abee-4a5a-9554-92828b28e269
Myotis nattereri,0.509,0.529,0.4445,0.4492,,1c53873d-ebe0-476d-8f71-b427dd96cb56
Myotis nattereri,0.536,0.549,0.5295,0.534,,a0d9f8c2-b6e1-474a-b9ca-f5104e0af386
Myotis nattereri,0.557,0.572,0.7135,0.7182,,7c6a3c48-25f7-4e89-9ccf-774a170d1b6a
Myotis nattereri,0.657,0.696,0.7655,0.77,,04b0f2fd-60f7-4f53-ae29-67c3dfae80a0
Myotis nattereri,0.668,0.755,0.8445,0.8492,,5165d613-45c8-4aa9-84da-db997ae1c82d
Myotis nattereri,0.649,0.703,0.9255,0.9301,,811f124d-afe5-4a0d-aabf-e7c51c0c66c1
Myotis nattereri,0.647,0.689,1.0165,1.0213,,a5a5989f-b6bd-42ff-a726-0c721d533a9f
Myotis nattereri,0.574,0.615,1.1015,1.106,,3496923b-0548-40f3-bb87-3b7adc6ebac4
Myotis nattereri,0.52,0.538,1.1675,1.1712,,1d183292-cd07-4d4d-9219-13b022d6f7ac
Myotis nattereri,0.609,0.649,1.2315,1.2362,,4e59dac9-447c-4439-9c55-b71004dec87d
Myotis nattereri,0.62,0.653,1.3115,1.3161,,076bee37-568a-4269-82ff-61b2866365fe
Myotis nattereri,0.619,0.662,1.3905,1.3952,,ac47efdc-f419-4b33-b711-e88cbdf8f83f
Myotis nattereri,0.508,0.529,1.4745,1.4784,,a79b744c-5ae0-4a88-97a1-d49da4d319dc
Myotis nattereri,0.572,0.604,1.5665,1.5702,,ea3e07c4-ad85-443d-8d16-6b14406d1f43
Myotis nattereri,0.61,0.647,1.7295,1.7327,,4b39eea3-dadc-47f7-b122-da5847eb7f38
Myotis nattereri,0.515,0.541,1.7855,1.7897,,2fbf37cd-b384-4ca0-ac05-27fd6a45ea9e
Myotis nattereri,0.609,0.646,1.8655,1.8691,,5b64de01-e45e-4419-b896-1dbebc90eb02
Myotis nattereri,0.498,0.512,1.9125,1.9167,,3037ef2e-152c-4248-b139-870fb3c2be5d
Myotis nattereri,0.564,0.587,1.9605,1.9646,,f45f25ab-839c-46c5-b9cc-04d9ba642fe3
Myotis nattereri,0.54,0.564,2.0085,2.0125,,8d0a0aa2-5dd1-453b-bfb0-f48569d799c9
Myotis nattereri,0.611,0.638,2.0655,2.0695,,c7807ebf-3a78-44e6-8104-d6e5e529df29
Myotis nattereri,0.551,0.57,2.1435,2.1469,,9acb8f4f-307b-4e5b-8443-259fb9a05818
Myotis nattereri,0.536,0.568,2.2295,2.2338,,cfb5c893-bd86-4f33-b768-a3259884e8bb
Myotis nattereri,0.516,0.541,2.5375,2.5409,,eea76e76-ca60-4804-b735-1490668fc040
Myotis nattereri,0.488,0.509,2.6525,2.656,,97e67479-64ed-42f8-8904-3a6573c31893
Myotis nattereri,0.648,0.707,2.7335,2.7381,,a9a34a1f-2505-476a-8796-614ea30716f5
Myotis nattereri,0.509,0.534,2.7805,2.785,,ab179631-7e21-4fb7-9e95-b95ef5ddae1d
Myotis nattereri,0.587,0.631,2.8385,2.8439,,7e0caedb-8f93-4dc6-8928-983e33d352d2
Myotis nattereri,0.508,0.531,2.9055,2.9094,,b6c1ceb7-fc50-478b-a44e-3ba65ee2d240
Myotis nattereri,0.576,0.619,2.9665,2.9708,,fedcdd57-49ce-48f1-9294-a3972a4126ca
Pipistrellus pipistrellus,0.704,0.723,0.0675,0.0728,,02138616-0a49-4170-bb23-a5c126cf1492
Pipistrellus pipistrellus,0.734,0.741,0.1625,0.1684,,b4268163-bfe3-4392-9c8b-8999cfe5a98d
Pipistrellus pipistrellus,0.634,0.64,0.2475,0.2553,,6be94c7d-091a-455d-b3b3-c588720ab58c
Pipistrellus pipistrellus,0.681,0.689,0.3305,0.337,,01832a1d-4010-4fab-9c95-eb2313e6b01d
Pipistrellus pipistrellus,0.655,0.662,0.4195,0.4246,,f0edfced-1e22-46ab-ab91-22fb8a546a2f
Pipistrellus pipistrellus,0.646,0.662,0.5125,0.5186,,a38ee35d-a2ed-4865-b9c3-9fdb6768c4b7
Pipistrellus pipistrellus,0.518,0.526,0.6125,0.6175,,d5268e1f-74a3-4617-afb2-68f0ce382a80
Pipistrellus pipistrellus,0.66,0.672,0.7075,0.7129,,17b449cf-7bef-43bb-9c61-1c29777a94cf
Pipistrellus pipistrellus,0.553,0.564,0.7855,0.7916,,89ba1f9d-2a7a-46ae-a383-e7b05fdda16d
Pipistrellus pipistrellus,0.701,0.715,0.8845,0.8902,,807240e0-05c6-4276-aa03-2353927ff1d7
Pipistrellus pipistrellus,0.622,0.629,0.9845,0.9909,,8dd7bac3-d386-4fff-836f-7606714bb7eb
Pipistrellus pipistrellus,0.554,0.563,1.0935,1.102,,35377dfe-f6ed-4733-8358-38e23399428e
Pipistrellus pipistrellus,0.742,0.758,1.2805,1.2869,,7b7a020b-b213-4a70-a867-3a14702c81cf
Pipistrellus pipistrellus,0.752,0.768,1.4695,1.4755,,5a579675-877c-4e5f-83cb-84e1272d3851
Pipistrellus pipistrellus,0.64,0.647,1.5495,1.5563,,43dd5e86-ecab-49d6-8c53-895def86d750
Pipistrellus pipistrellus,0.654,0.664,1.7375,1.7449,,1dac8083-6ce8-4da4-8ad9-f7447ba66a03
Pipistrellus pipistrellus,0.547,0.56,1.9335,1.942,,adf52ea7-3327-4cb8-80dc-eaaa21417c20
Pipistrellus pipistrellus,0.556,0.599,2.3005,2.3086,,1bfee941-6fef-4eeb-b7cc-0b976d0ec2da
Pipistrellus pipistrellus,0.635,0.65,2.4895,2.4973,,347a504d-2294-455e-ba6a-98e1d3c0fc58
Pipistrellus pipistrellus,0.619,0.627,0.0235,0.0311,,2f3f2074-8c0b-4587-aa6c-320c0a26e986
Pipistrellus pipistrellus,0.708,0.712,0.1095,0.115,,6d3df76e-c9e7-4a55-a181-d96b866f7154
Pipistrellus pipistrellus,0.705,0.718,0.1945,0.2005,,e5d824af-5675-4fdf-88ee-c97cc914456f
Pipistrellus pipistrellus,0.733,0.748,0.2795,0.2863,,4fc72549-5e63-4a95-ba0b-ba1541607de2
Pipistrellus pipistrellus,0.767,0.778,0.3675,0.3735,,dfaf2015-d95e-48ef-a936-a3b640a19ec9
Pipistrellus pipistrellus,0.722,0.772,0.4525,0.4594,,a3d41d1a-c2ae-45f4-9f23-c73d9fbc2d51
Pipistrellus pipistrellus,0.722,0.726,0.5415,0.5474,,f1458687-5cbf-4ed2-a37c-da5bce1b4371
Pipistrellus pipistrellus,0.791,0.812,0.6315,0.6392,,a9b280ab-fa82-483d-8172-c16b7d9d680b
Pipistrellus pipistrellus,0.754,0.763,0.7245,0.7308,,1fe4df6b-83a3-4d81-a592-75865373652c
Pipistrellus pipistrellus,0.792,0.8,0.8035,0.8096,,58cb50a4-40fd-48e3-bdaf-d2c8c1fa58c3
Pipistrellus pipistrellus,0.744,0.798,0.8915,0.8982,,ec521a2e-3948-4e36-918e-88b5e0ae6c71
Pipistrellus pipistrellus,0.646,0.674,0.9845,0.9913,,9a42fe53-2570-43bc-b300-48a4cf89a6ad
Pipistrellus pipistrellus,0.775,0.781,1.0845,1.0908,,3fc4e693-2a1f-4c83-9170-c0cd297a8766
Rhinolophus ferrumequinum,0.521,0.521,1.2145,1.2606,,34197534-a7f3-4699-a7e5-0d69275e0163
Pipistrellus pipistrellus,0.699,0.717,1.3515,1.3588,,6d70fa21-20fd-4e06-bd80-89b6ef63e6b3
Pipistrellus pipistrellus,0.632,0.639,1.4385,1.4446,,67cc31ef-7e36-4628-b0d2-70865d198def
Rhinolophus hipposideros,0.535,0.535,1.4755,1.5162,,7727a1db-1d26-4a62-b17d-b738352087ba
Pipistrellus pipistrellus,0.773,0.784,1.5225,1.5277,,d9a55f54-e772-485a-b9cd-d186784657e8
Pipistrellus pipistrellus,0.669,0.677,1.6065,1.6141,,32a8f509-7ba7-46d4-b529-34fef329adb0
Pipistrellus pipistrellus,0.68,0.696,1.6985,1.7049,,acec9dc5-3ae0-4aab-9e92-2829cf2fefd7
Pipistrellus pipistrellus,0.585,0.594,1.8715,1.881,,160c7cb2-1920-4fec-b3ff-178152285241
Rhinolophus hipposideros,0.596,0.596,2.4965,2.5381,,db564cb7-6285-4534-a15c-b1284dd4c66d
Rhinolophus hipposideros,0.509,0.509,2.5665,2.6059,,0d11aed8-1cc8-4056-ac8c-1c1477a01051
Rhinolophus hipposideros,0.637,0.637,2.6375,2.6809,,6837fd37-d205-4d64-87a4-362b3e53303f
Rhinolophus hipposideros,0.548,0.548,2.7065,2.7461,,dcc7aff7-8984-41e4-bbb5-92537a512719
Rhinolophus hipposideros,0.6,0.6,2.7765,2.8187,,c58acc9d-b27b-469c-b464-1d51d7941d60
Pipistrellus pipistrellus,0.5,0.531,0.2855,0.2932,,7c529571-b68f-4176-8eb0-8a3daaa2e8f0
Pipistrellus pipistrellus,0.555,0.569,2.6545,2.6622,,ddeae6bb-d2ff-4ea5-b314-9d9f20b85538
Pipistrellus pipistrellus,0.698,0.72,2.8045,2.8103,,f21e8645-dddf-45e8-8651-e748d0e5aaee
Pipistrellus pipistrellus,0.728,0.755,2.8805,2.8869,,4881d848-12da-4032-bbb1-861728ad572b
Pipistrellus pipistrellus,0.767,0.8,2.9615,2.9682,,6f50800b-ea80-41bb-972b-2b6457f5648a
Rhinolophus hipposideros,0.538,0.538,0.6055,0.6416,,02c85453-e17c-479c-ac5c-f3c9a8590d6a
Rhinolophus hipposideros,0.565,0.565,0.8165,0.8587,,69562ade-8fa1-42af-8be4-8955bcab0411
Rhinolophus ferrumequinum,0.558,0.558,0.8175,0.8655,,79392e34-de41-4b82-97e0-c9d2d59262b0
Rhinolophus ferrumequinum,0.553,0.553,0.9545,1.0043,,863a4ede-4a2a-4819-a27c-65a1755364d6
Rhinolophus hipposideros,0.574,0.574,0.9545,0.9942,,f4cb0346-d99f-41b2-9da2-7cc8ec1591b2
Rhinolophus ferrumequinum,0.595,0.595,1.0215,1.0637,,4a84d033-1183-47f8-899f-54dec2f5269d
Rhinolophus hipposideros,0.591,0.591,1.1565,1.2015,,91add586-a9ab-42f7-ab42-cbb9bfa98495
Rhinolophus ferrumequinum,0.601,0.601,1.2155,1.2703,,5ce7db60-03d2-42bb-86df-0ddcdd51a8cd
Rhinolophus hipposideros,0.604,0.604,1.2185,1.2604,,f89a1943-7821-46ea-ad9c-be34df0d14ff
Rhinolophus hipposideros,0.636,0.636,1.2785,1.3222,,eccf48cf-cd33-4120-a003-32581765ca2a
Rhinolophus ferrumequinum,0.531,0.531,1.2805,1.3206,,06b0f844-53e3-4f31-bb17-2382499a19a2
Rhinolophus ferrumequinum,0.525,0.525,1.3265,1.3681,,0bca7eef-97f5-40c8-ad63-ebfe6f3f36a1
Rhinolophus hipposideros,0.642,0.642,1.4765,1.5219,,2846d36f-2805-4d8a-bea6-3259f51b7348
Rhinolophus ferrumequinum,0.525,0.525,1.4785,1.5251,,b49a64f5-ad52-4cc2-bdd8-cc8867c8fdb0
Rhinolophus hipposideros,0.546,0.546,1.5405,1.5803,,08f771e0-509d-472d-b165-09239dccc833
Rhinolophus ferrumequinum,0.503,0.503,1.7405,1.7844,,9218857c-5a41-423d-910e-7e9a33d0be78
Rhinolophus hipposideros,0.66,0.66,1.9365,1.9816,,a7a8973c-cb12-4cbe-bdd7-eac19992ee27
Rhinolophus ferrumequinum,0.573,0.573,2.0035,2.0481,,bebf0972-2382-41c0-98ba-5840a9f741b9
Rhinolophus hipposideros,0.677,0.677,2.0055,2.0516,,3b2bce8b-1e24-4e9b-8ab5-214810d68e2f
Rhinolophus hipposideros,0.532,0.532,2.0445,2.0759,,0999d00a-0587-416f-ad3a-ee90c4996d64
Rhinolophus hipposideros,0.592,0.592,2.1455,2.185,,02e952e2-2e48-4e5e-809d-f5b07834fb3d
Rhinolophus hipposideros,0.575,0.575,2.2205,2.2644,,b6f358f9-2d7b-4c5e-a142-4118c15828ff
Rhinolophus hipposideros,0.555,0.555,2.3815,2.419,,c04dc6ea-81ae-4f18-b961-5226e8f21ed4
Rhinolophus hipposideros,0.606,0.606,2.4755,2.5192,,9dbb4301-caa8-4e7f-9255-ecd8a1870398
Rhinolophus hipposideros,0.513,0.513,2.8635,2.8967,,ce7dd550-411c-47da-b0a1-af4d0185e07f
Rhinolophus ferrumequinum,0.618,0.618,2.9025,2.951,,7ff56dac-6282-43cd-a40c-51f1533b6960
Rhinolophus hipposideros,0.521,0.521,2.9565,2.997,,612dd3ce-0d10-4208-9e0d-421ce4841043
Pipistrellus pipistrellus,0.74,0.753,0.0435,0.0488,,23f94584-c03a-45e4-86d0-1104ab565e26
Pipistrellus pipistrellus,0.723,0.736,0.1295,0.1361,,3d282981-b71e-4127-ad49-f016562f7164
Pipistrellus pipistrellus,0.812,0.82,0.1775,0.1829,,cff7653e-4f99-4a0a-a3ce-06a7668eff3e
Pipistrellus pipistrellus,0.798,0.804,0.2185,0.2237,,fa51ef76-d082-49f1-accc-7b1674879af1
Pipistrellus pipistrellus,0.642,0.648,0.2555,0.2601,,94819427-d03e-4454-9544-1e2ac7e37857
Pipistrellus pipistrellus,0.494,0.519,0.2885,0.2929,,ee6a6a0f-45d6-415a-8252-97f600569b79
Pipistrellus pipistrellus,0.753,0.762,0.7845,0.7908,,c5221648-fcc1-49d3-888c-f0b2aebc3a38
Pipistrellus pipistrellus,0.721,0.726,0.8615,0.8671,,4a07445f-bf6e-4e82-8000-c78c7d728f7a
Pipistrellus pipistrellus,0.745,0.762,0.9635,0.9699,,75c8b943-86b1-4d7a-b4df-de44065c902e
Pipistrellus pipistrellus,0.792,0.796,1.0655,1.0712,,d09e8803-6802-4d80-9262-f3342e6fdd7e
Pipistrellus pipistrellus,0.799,0.805,1.1515,1.1575,,96f6e305-36ad-4d3e-9acb-ad262f54aa8d
Pipistrellus pipistrellus,0.78,0.787,1.2325,1.2396,,c032085b-d4f1-4549-b368-ce40ffba9fab
Pipistrellus pipistrellus,0.78,0.789,1.3205,1.3276,,631fd179-7ea4-46d2-8f42-fdc63ce9c2a8
Pipistrellus pipistrellus,0.771,0.796,1.4075,1.4148,,d33d25eb-5b50-4689-b30c-8be3789b1b2e
Pipistrellus pipistrellus,0.789,0.795,1.4935,1.4987,,aee9cff8-ea45-4fe0-aac3-1b2b96e31c83
Pipistrellus pipistrellus,0.789,0.793,1.5825,1.587,,cae8c9ee-26fb-4a39-972e-6ba3cd40989f
Pipistrellus pipistrellus,0.773,0.79,1.6695,1.6755,,fe1f2707-3a8b-4655-925b-60d26c36e8ce
Pipistrellus pipistrellus,0.775,0.783,1.7675,1.7737,,9f5794a7-20b2-403f-8d7a-bcb3e7d82646
Pipistrellus pipistrellus,0.769,0.774,1.8615,1.8662,,b45276f5-3629-4bef-a3c2-8f6906b6f9bb
Pipistrellus pipistrellus,0.719,0.733,1.9535,1.9587,,8ae91cd2-afa8-4220-8b07-287991b6f460
Pipistrellus pipistrellus,0.732,0.736,2.0455,2.0513,,7565b932-8967-4cb9-8356-c3295d3934be
Pipistrellus pipistrellus,0.754,0.763,2.1355,2.1404,,c3654253-e98f-48f4-97c7-6e8f8e1c5a90
Pipistrellus pipistrellus,0.729,0.741,2.3235,2.3287,,aef36dbb-ea54-400d-8d3d-a25e7ca593d2
Pipistrellus pipistrellus,0.696,0.701,2.4155,2.4213,,b68e14dd-82cf-468c-a4ef-a6f08388a39e
Pipistrellus pipistrellus,0.735,0.746,2.4965,2.5014,,f6a51b6b-5322-42b7-83f0-148971cd2ffe
Pipistrellus pipistrellus,0.706,0.713,2.6825,2.6879,,d3923957-dcae-4a26-bef5-a09b4fd06e25
Pipistrellus pipistrellus,0.698,0.705,2.7635,2.7693,,e44a365f-f61f-4534-8776-9d87ae75a33a
Pipistrellus pipistrellus,0.63,0.642,2.9575,2.9637,,816434be-fcb4-4fbe-ab8f-364d4a6e9b0d
Myotis mystacinus,0.243,0.506,1.2805,1.2843,,b5ff6d2c-9cff-4347-8874-e4b0c3689bcc
Myotis mystacinus,0.349,0.556,1.7225,1.7261,,e2f40ce1-f118-4ecc-9d09-8a902c44263e
Rhinolophus hipposideros,0.592,0.592,1.3455,1.3893,,c2c6ba99-6b4e-4638-9dcd-9c1e4e3ce412
Rhinolophus hipposideros,0.507,0.507,1.0465,1.0897,,57f334bd-8251-433c-bc6c-ac47fa5122d3
Pipistrellus pipistrellus,0.401,0.549,1.2175,1.2243,,b3d9b396-6080-4dc3-95dc-20481c24815e
Rhinolophus hipposideros,0.507,0.507,1.2685,1.3082,,3e4f7b54-5bbd-4bd7-ab4e-0990dd3d4c11
Rhinolophus hipposideros,0.583,0.583,2.6245,2.6713,,e78019d5-2269-49cf-b933-7f5c303c4519
Rhinolophus hipposideros,0.515,0.515,2.8905,2.9363,,3bf860ab-165a-4470-b896-795686e7e37c
Pipistrellus pipistrellus,0.64,0.655,0.9875,0.9956,,a67acde0-b4cf-4794-a223-7aef619d5dd7
Pipistrellus pipistrellus,0.513,0.549,2.3105,2.3204,,2892db76-50f9-4a57-b247-7d83fbb9e4d5
Pipistrellus pipistrellus,0.554,0.587,2.4885,2.4989,,ba2ca504-4bfc-48d4-8d1c-ee7d15d6340a
Pipistrellus pipistrellus,0.656,0.683,2.5825,2.5906,,31fed063-a98f-4406-b06d-d80de01d4701
Pipistrellus pipistrellus,0.521,0.532,2.7715,2.7812,,8a67c294-d0f2-42c1-bac6-be155c656fc9
Nyctalus noctula,0.399,0.548,2.7245,2.7457,,b7bf8b56-ac88-41e2-a8ef-7b6355aee671
Pipistrellus pipistrellus,0.642,0.682,0.0785,0.0858,,8d44b1b3-0d50-4830-8469-971834b5790a
Pipistrellus pipistrellus,0.419,0.542,0.2735,0.2895,,a31b7ff1-6309-4a3f-951d-5fe7a7b40942
Pipistrellus pipistrellus,0.504,0.574,2.9645,2.9729,,adb4c1c5-da9e-4c4a-863c-16b3711c7883
Rhinolophus hipposideros,0.633,0.634,1.8115,1.8517,,baddea19-a950-4aa2-b6e6-4fa2488aa561
Rhinolophus hipposideros,0.507,0.507,1.9035,1.9401,,10907761-388c-4454-81b0-341466d2eeda
Rhinolophus hipposideros,0.51,0.51,1.9905,2.0297,,f8322c4e-e998-4f3a-bf75-8fe04bbabc14
Rhinolophus hipposideros,0.549,0.549,2.1685,2.2091,,80134317-dda8-41a3-b517-43340c188f66
Rhinolophus hipposideros,0.623,0.623,2.2705,2.3151,,ed4dba6b-b6f3-4239-a1f4-5563763a6790
Rhinolophus hipposideros,0.603,0.603,2.3675,2.4081,,c53bda71-4b84-4b6a-a35a-e18c8418fc38
Rhinolophus hipposideros,0.559,0.559,2.4495,2.4875,,e7a8e6c2-18ea-4794-b5fc-ec9826217eb4
Rhinolophus hipposideros,0.658,0.658,0.1095,0.1352,,d99df6ac-fc1a-40dd-a5fc-8389f6f5c73a
Rhinolophus hipposideros,0.586,0.586,0.3415,0.3669,,512dd479-780f-4726-8418-442b8e3bf07f
Rhinolophus hipposideros,0.507,0.507,0.4685,0.4887,,4ffe6803-2c8a-472f-8379-e135924998de
Rhinolophus hipposideros,0.608,0.609,0.4975,0.5154,,0d6a959d-61b4-411c-b743-fda3ff6ac9fa
Rhinolophus hipposideros,0.559,0.559,0.8755,0.9005,,e2aad9d5-438b-4924-a553-6808c3641797
Rhinolophus hipposideros,0.538,0.538,1.1935,1.2188,,901a52a0-da8c-4bb5-bc95-b440e74fac4e
Rhinolophus hipposideros,0.52,0.521,1.3585,1.3754,,06718e9c-bd90-441a-a83c-8e2a5ff4d8b8
Rhinolophus hipposideros,0.552,0.553,1.5215,1.5407,,fae9550e-2a39-4df4-961f-889b3a913c96
Rhinolophus hipposideros,0.525,0.525,1.6045,1.6356,,3f4bcff4-c3b0-4764-bfef-43ffc1945fc9
Rhinolophus hipposideros,0.502,0.502,1.6895,1.7153,,3f57c965-e368-454b-94d3-2f83d29dd203
Rhinolophus hipposideros,0.536,0.536,1.8745,1.8919,,fb11ec2e-e858-48a2-9cfa-e69a99372d83
Rhinolophus hipposideros,0.573,0.574,1.9635,1.988,,0edd974c-7416-4c2b-a622-db4ddd61a3e4
Rhinolophus hipposideros,0.702,0.702,2.0505,2.0818,,980c951e-5d9c-47f4-99bb-8f7a704df07a
Rhinolophus hipposideros,0.537,0.537,2.1385,2.1661,,1d2711b0-09dd-43ae-bf2f-0583c8433c2c
Rhinolophus hipposideros,0.531,0.531,2.3915,2.4207,,6a3de18a-1a3f-4d42-b515-f9be71554d0d
Rhinolophus hipposideros,0.507,0.507,2.4835,2.5064,,b129b99a-4b40-47ef-8140-0ea05912721a
Rhinolophus hipposideros,0.51,0.51,2.5315,2.5545,,5b47e591-5a05-4169-af98-04b244a42311
Rhinolophus hipposideros,0.586,0.586,2.5715,2.5986,,c27194de-76ee-40b6-899d-79e69c6f60a8
Rhinolophus hipposideros,0.548,0.548,2.7375,2.7572,,3b55ff6d-a309-4e30-b677-533ac6791264
Myotis mystacinus,0.213,0.553,1.4185,1.4221,,71f36013-689a-4873-b13e-d10c23a3e98f
Myotis mystacinus,0.244,0.506,1.4695,1.4731,,d87e4aaf-febf-4c33-9ddb-35e8a756dcdd
Myotis daubentonii,0.193,0.574,1.9745,1.9791,,5104ea3a-f1fd-45f0-92be-d6f9a028c807
Myotis brandtii,0.181,0.571,2.0265,2.0305,,8dc09cc8-a2f7-46a1-8f7a-324f7fec54a7
Myotis mystacinus,0.177,0.552,2.0785,2.0828,,8ae27279-e056-4817-a341-6b5f310210ba
Myotis mystacinus,0.173,0.534,2.1565,2.1605,,4956ad40-2d6f-4153-8d7c-3fc953ba1c13
Rhinolophus hipposideros,0.507,0.507,1.8325,1.8713,,3ff30de0-8bf7-4052-8ff5-39a44b49114a
Rhinolophus hipposideros,0.54,0.54,2.0705,2.1152,,c540e0b2-6b68-48d5-a530-237c0c1a63ef
Rhinolophus hipposideros,0.53,0.53,2.1455,2.188,,42e35ea5-f773-46e0-9455-94c087f2cac7
Rhinolophus hipposideros,0.626,0.626,2.2255,2.2682,,7d3d90ae-87d6-4dd6-9993-2f2eb8b22e50
Rhinolophus hipposideros,0.553,0.553,2.3195,2.3603,,20e6a363-5225-4ff9-93ec-15ed450cf87a
Rhinolophus hipposideros,0.55,0.55,2.5035,2.5472,,a8fdccad-1eeb-4f86-a015-0943a5d554b3
Rhinolophus hipposideros,0.541,0.541,2.5915,2.635,,5e10467c-2232-4535-8749-870c6fb5bd21
Rhinolophus hipposideros,0.551,0.551,2.6755,2.717,,dc631a7d-fa46-40c1-9beb-f56c83a40aff
Rhinolophus hipposideros,0.561,0.561,0.2365,0.2614,,8513b22e-a74e-46a1-86d8-d722a5f2c397
Rhinolophus hipposideros,0.569,0.57,0.6195,0.6421,,b8fed68a-893d-48e2-b4f8-aadf1a832b1e
Rhinolophus hipposideros,0.551,0.551,0.7175,0.7414,,385717dd-5345-4fc1-98ff-b2d35e931d33
Rhinolophus hipposideros,0.542,0.543,1.0215,1.0384,,b42f2e5c-5772-4450-a6ae-b930bd6dff19
Rhinolophus hipposideros,0.544,0.544,1.2515,1.2735,,a90d6335-69d9-479d-b432-c0afa04aabda
Rhinolophus hipposideros,0.573,0.573,1.6015,1.6207,,f97ca2fa-43e8-4efa-bac4-9044029024e5
Rhinolophus hipposideros,0.518,0.518,1.6915,1.724,,a59ee10b-cc5d-4dd1-aac3-23b08812119b
Rhinolophus hipposideros,0.587,0.587,2.1915,2.2192,,d314abb7-b525-4e58-8e1d-7b42ca6cd43a
Rhinolophus hipposideros,0.539,0.54,2.2875,2.3078,,ff990487-c22c-41f0-953f-4d85ee7b5774
Rhinolophus hipposideros,0.514,0.514,2.3845,2.4021,,c7ac0118-8597-47d4-8288-9ccbe170cdd2
Rhinolophus hipposideros,0.51,0.51,2.4055,2.4199,,0979b903-9b00-475d-85bc-0c462b9f6fa1
Rhinolophus hipposideros,0.561,0.561,2.7475,2.7734,,217d1e8e-ee17-4021-93d9-819d346e1b09
Rhinolophus hipposideros,0.519,0.519,2.9865,3.01,,a88f12ba-821f-4737-a610-404874e57ca8
Rhinolophus ferrumequinum,0.53,0.53,2.4535,2.5024,,093cfbe7-69a9-47bf-932f-894814108fc3
Rhinolophus hipposideros,0.512,0.512,2.6205,2.6575,,1654f255-f227-4ebe-8d2e-48f06a4c4e06
Rhinolophus hipposideros,0.58,0.58,2.7665,2.8087,,10831ec5-46a8-4875-886a-50ac2ee5ab06
Rhinolophus hipposideros,0.549,0.549,2.8475,2.8873,,78c1fd02-aafb-413d-a26e-2645e604237f
Rhinolophus hipposideros,0.641,0.641,0.0665,0.1107,,feb5ab5b-07fb-420c-8396-0939f517ff9b
Rhinolophus hipposideros,0.677,0.677,0.2165,0.2607,,8fad8493-406f-4e52-ab11-4e5759929369
Rhinolophus hipposideros,0.528,0.528,0.2965,0.3331,,fc4269ac-1589-4db4-9d4c-e1d91cc47009
Rhinolophus ferrumequinum,0.524,0.524,0.3735,0.4296,,1988db2a-a5fe-4583-a5d7-5698f178a5da
Rhinolophus hipposideros,0.569,0.569,0.3745,0.4176,,a3a0c676-78a1-4a4e-a77f-8b1e644dae66
Rhinolophus hipposideros,0.569,0.569,0.5265,0.5662,,f043d97d-6454-4de6-b3af-a9b1158ba513
Rhinolophus hipposideros,0.621,0.621,0.5985,0.6434,,6a00e399-594c-4127-b0bf-71e092a4e47a
Rhinolophus hipposideros,0.726,0.726,0.6715,0.717,,b96dfffc-8e05-46b6-836a-2ea0b1626124
Rhinolophus hipposideros,0.517,0.517,0.7715,0.8123,,a0038c52-e3e9-4876-9532-63db9c7d06e0
Rhinolophus hipposideros,0.58,0.58,0.8505,0.8954,,01a4c79b-9f9e-43fe-aa5b-4e043461b274
Rhinolophus hipposideros,0.787,0.787,0.9155,0.968,,e074a006-4a8c-45aa-8db0-b2cf02c638a6
Rhinolophus hipposideros,0.731,0.731,0.9885,1.0386,,3465d8d3-e288-4364-9c11-5d4b010bf807
Rhinolophus hipposideros,0.535,0.535,1.0655,1.1088,,7dcfdfef-8f5b-43c0-90dd-4c44c80123bf
Rhinolophus ferrumequinum,0.55,0.55,1.3125,1.3671,,b098bad0-2616-4dd9-aa6c-dcb9d7b823ec
Rhinolophus ferrumequinum,0.57,0.57,1.5445,1.6063,,cb558c96-94ae-4917-aa56-6d2280e33867
Rhinolophus hipposideros,0.645,0.645,1.6235,1.6735,,880c1162-cb98-4895-ad85-3a21e3728116
Rhinolophus hipposideros,0.719,0.719,1.7025,1.7554,,dbaf5ec1-f6d7-4195-b917-61e96d34ca9d
Rhinolophus hipposideros,0.731,0.731,1.7795,1.8309,,8a20d48e-e9fc-4646-a7d6-e3f1f0edc965
Rhinolophus hipposideros,0.719,0.719,1.8585,1.9104,,e0f4009b-f238-4474-bce5-92df8c2ecae7
Rhinolophus hipposideros,0.774,0.774,1.9465,2.0008,,0d6ace29-0b5a-4dcc-b2fa-537102ce8aca
Rhinolophus hipposideros,0.582,0.582,2.0355,2.0821,,d09b331f-0175-4303-b003-ebf2edba6920
Rhinolophus ferrumequinum,0.521,0.521,2.0375,2.0999,,69d96ebf-2274-4114-9bb1-4ff3ceed3e46
Rhinolophus ferrumequinum,0.522,0.522,2.1195,2.1816,,cb128ce5-64b2-429d-b686-bbccb0746f2d
Rhinolophus hipposideros,0.73,0.73,2.1195,2.1695,,32d22cb8-d8df-49ee-92c2-37ce824da240
Rhinolophus hipposideros,0.747,0.747,2.2025,2.2562,,abffbec2-40d1-4b0c-9edd-1e934f279f8d
Rhinolophus ferrumequinum,0.54,0.54,2.2025,2.2634,,8fcbf2e5-bb0f-4ea0-b8ee-4513d293f533
Rhinolophus hipposideros,0.799,0.799,2.2835,2.3349,,8dc820c3-33ab-48a1-aeb6-7ad5b198d113
Rhinolophus hipposideros,0.541,0.541,2.4435,2.4924,,9ceaae24-4d80-471a-8d53-2c8d99ccf684
Rhinolophus hipposideros,0.545,0.545,2.5335,2.5791,,08120f0e-dbab-4a45-8bf7-606f082beb53
Rhinolophus hipposideros,0.663,0.663,2.7075,2.7557,,81bb956a-25c3-4fcb-a771-0c1b673d8616
Rhinolophus hipposideros,0.7,0.7,2.7965,2.8432,,b457a400-32af-4479-bbb3-6f1a9ea463b3
Rhinolophus hipposideros,0.55,0.55,2.8785,2.9187,,54394d55-0a6a-400d-a053-dad0e6b1275f
Pipistrellus pipistrellus,0.638,0.688,1.3845,1.3888,,ef492c41-4685-4266-bc45-aac54e266d71
Pipistrellus pipistrellus,0.589,0.663,1.4775,1.4832,,85e94d27-cff4-4ac2-b01e-8aec7f591486
Pipistrellus pipistrellus,0.651,0.729,1.5665,1.5715,,fdc4d78d-eb7f-47e3-92e7-dca2103267ac
Pipistrellus pipistrellus,0.462,0.538,1.8425,1.8475,,e3218a82-702b-4344-9c50-322ab8910b3f
Pipistrellus pipistrellus,0.431,0.502,1.9275,1.9319,,245bbcf4-f23b-43ee-8470-7be9c626f32f
Pipistrellus pipistrellus,0.58,0.661,2.6675,2.6741,,feedec38-78b0-4d6e-a61d-94dca15f1b4d
Pipistrellus pipistrellus,0.468,0.537,2.8995,2.909,,f01e48af-58ee-4927-81e9-da851e0e2e71
Pipistrellus pipistrellus,0.727,0.757,0.0555,0.0609,,60154104-a7a1-4c67-9a63-57e32ea21190
Pipistrellus pipistrellus,0.744,0.767,0.1465,0.1534,,1f91e47a-14f8-4429-bcd7-d64753544f7c
Pipistrellus pipistrellus,0.754,0.768,0.2385,0.2447,,51ee8159-e1af-4eae-a3ce-e7698864c738
Pipistrellus pipistrellus,0.777,0.811,0.3175,0.3235,,6c337c2b-179c-4de8-b77c-998da6a5883a
Pipistrellus pipistrellus,0.772,0.786,0.4175,0.4232,,9d9ccd42-7861-4acf-a216-ec6c2d4c70bb
Pipistrellus pipistrellus,0.698,0.709,0.5135,0.5196,,612f7f16-b148-4a20-bbbb-9f39ccd9d398
Pipistrellus pipistrellus,0.756,0.77,0.6045,0.6114,,252b044a-e74a-435e-a2f8-663bf36b9ee2
Pipistrellus pipistrellus,0.66,0.7,1.4855,1.4932,,ee8274cb-a9b4-49eb-9665-f9452599cf5f
Rhinolophus hipposideros,0.502,0.502,1.0625,1.1044,,f0fd5764-28fa-49c9-8df3-d769a5440215
Rhinolophus ferrumequinum,0.564,0.564,1.1405,1.1924,,e024d369-ae09-4eff-a22f-35e55516f662
Rhinolophus hipposideros,0.578,0.578,1.1725,1.2099,,92f4f9e9-0e35-429f-b008-22f8abccdd44
Rhinolophus hipposideros,0.512,0.512,1.2475,1.2935,,22e88494-7d0d-4b35-ab5a-de4f89204786
Rhinolophus ferrumequinum,0.512,0.512,1.4425,1.4971,,abfa43ac-e542-4cb9-8e04-78b2a0f3729f
Pipistrellus pipistrellus,0.571,0.575,0.4415,0.4493,,e69482d0-439c-4c1d-9f3e-d45f899f415b
Pipistrellus pipistrellus,0.731,0.742,0.5305,0.5359,,c74f5f61-3fcc-4024-9be9-7e460ac1b850
Pipistrellus pipistrellus,0.695,0.701,0.6235,0.6288,,0bda0578-33b4-40eb-82d6-803325ebfdec
Pipistrellus pipistrellus,0.733,0.746,0.7155,0.7207,,ad2342fc-8cdd-4692-b613-226434d9c805
Pipistrellus pipistrellus,0.733,0.747,0.8065,0.8124,,06dc0c9d-20ac-408d-8965-4e8765b7bd10
Pipistrellus pipistrellus,0.779,0.786,0.9015,0.9064,,96a19d2d-a180-405b-b8e4-ee5d3e526091
Pipistrellus pipistrellus,0.771,0.777,0.9845,0.9901,,a0230ff6-bf7e-4512-9146-9be619d95009
Pipistrellus pipistrellus,0.787,0.791,1.0645,1.0698,,df0ede0d-7d10-48f0-b5b2-1d007d934b76
Pipistrellus pipistrellus,0.662,0.675,1.1365,1.1409,,ad14a96f-1550-4487-a9d6-f00f31e443ef
Pipistrellus pipistrellus,0.657,0.666,1.2135,1.2194,,89555032-c959-4824-8326-9e5f8b134e9b
Pipistrellus pipistrellus,0.656,0.664,1.2865,1.2918,,11a31472-d524-4d48-930e-247295f2477c
Pipistrellus pipistrellus,0.727,0.736,1.3605,1.3651,,378b4066-5667-41eb-ba17-6faeb81f6c62
Pipistrellus pipistrellus,0.709,0.715,1.4425,1.4482,,d059f95c-a35a-4bec-b760-c226801b6d04
Pipistrellus pipistrellus,0.733,0.738,1.5395,1.5445,,c30c902c-707e-4edc-a999-38392930e317
Pipistrellus pipistrellus,0.77,0.775,1.6255,1.6307,,5eac175b-67f0-4242-8d8b-825964b6df03
Pipistrellus pipistrellus,0.808,0.811,1.7375,1.7431,,2683a52d-a22b-4435-8c8d-ac97a67fc227
Pipistrellus pipistrellus,0.808,0.815,1.8365,1.8424,,76f5c332-0aad-4e39-b63a-88ec7429d25e
Pipistrellus pipistrellus,0.795,0.8,1.9265,1.9326,,1a5ce57a-594a-4f73-a61b-a51207f96364
Pipistrellus pipistrellus,0.786,0.796,2.0115,2.0174,,fa2c053e-7b2e-4b74-805b-9a2c0d9725ed
Pipistrellus pipistrellus,0.838,0.844,2.0965,2.1028,,571301d7-5bdd-466f-81f1-23cf6990d7c1
Pipistrellus pipistrellus,0.813,0.819,2.1845,2.19,,9ac40238-af6e-4b22-95e0-d530e8a893c0
Pipistrellus pipistrellus,0.759,0.762,2.2675,2.2731,,0a78e2cb-3b86-4140-85b9-2169dd82cc11
Pipistrellus pipistrellus,0.793,0.796,2.3465,2.3527,,49b2e4c2-187f-404e-aa47-67fd943fb69a
Pipistrellus pipistrellus,0.789,0.8,2.4155,2.4222,,532f707f-bb6b-479b-ae2f-3b6bf9f41e23
Pipistrellus pipistrellus,0.74,0.802,2.4815,2.4893,,a38b7fb3-c1ef-4337-b4b5-e9f6c0dbb045
Pipistrellus pipistrellus,0.744,0.776,2.5545,2.5606,,412246f3-827d-40ba-8373-ce1f085abe0e
Pipistrellus pipistrellus,0.773,0.801,2.6335,2.6402,,8d9ede67-65f3-4c2d-8144-7ecd458a035c
Pipistrellus pipistrellus,0.786,0.792,2.7145,2.7207,,28203a7c-2535-4585-9692-1926a7cb6031
Pipistrellus pipistrellus,0.739,0.745,2.7985,2.8036,,42d5141a-5894-40d0-bf59-c05e601f548c
Pipistrellus pipistrellus,0.712,0.72,2.8765,2.8829,,59a9dccd-6e31-4bc8-b3a3-4b5516bdeb5e
Pipistrellus pipistrellus,0.747,0.754,2.9515,2.9568,,08278e66-e0b1-4e36-9e83-57d0ed2b11f1
