Pipistrellus pygmaeus,0.747,0.748,0.0665,0.0718,,58695d7a-d9ba-43db-b007-a47bf1a87d8b
Pipistrellus pygmaeus,0.752,0.755,0.1315,0.1379,,bdd6df74-1a0e-47fb-a839-fee35bad1b26
Pipistrellus pygmaeus,0.748,0.75,0.2075,0.2134,,d36ebdfc-d8f1-4d9a-9208-1de6d8588143
Pipistrellus pygmaeus,0.768,0.77,0.2875,0.292,,4c06cbd2-144f-41b1-a359-9a19b1fd28e2
Pipistrellus pygmaeus,0.776,0.779,0.3665,0.3721,,8d620b9e-d7a3-4960-9997-fc923d771dbe
Pipistrellus pygmaeus,0.784,0.786,0.4535,0.4592,,c4a59528-2f49-465e-b91b-610b4c4f5c9c
Pipistrellus pygmaeus,0.81,0.815,0.5355,0.5416,,e8a26112-7572-494d-a7bb-e1ace501a4a8
Pipistrellus pygmaeus,0.761,0.764,0.6195,0.6256,,52ff572e-2170-4295-af51-bfa1cec16b33
Pipistrellus pygmaeus,0.821,0.824,0.7015,0.7075,,7dc8400f-a305-4dbe-8ec9-6a62f5ea1b7c
Pipistrellus pygmaeus,0.836,0.84,0.7775,0.783,,b8a1feb5-6d95-4f5b-80ed-a688e28702f0
Pipistrellus pygmaeus,0.666,0.669,0.8525,0.8585,,942f9dc3-a308-4c81-9e86-863afdf6cae2
Pipistrellus pygmaeus,0.808,0.813,0.9295,0.9348,,d8912970-bc96-48f0-b4cd-8098da6fb2af
Pipistrellus pygmaeus,0.706,0.709,1.0125,1.018,,9429d9f4-7cab-40ed-9857-6759d3a6bd6a
Pipistrellus pygmaeus,0.794,0.799,1.0945,1.1006,,32ec7402-dc43-499f-9850-584f5669ddcb
Pipistrellus pygmaeus,0.743,0.744,1.1655,1.1712,,2e52fd79-4219-46ba-a245-cb961d480f51
Pipistrellus pygmaeus,0.817,0.818,1.2405,1.2459,,e2e34f6b-e47c-4982-99a1-cfb2e7e8bd3d
Pipistrellus pygmaeus,0.6,0.602,1.3215,1.326,,739dede0-3ebd-4cc2-9e85-b474f18b6dad
Pipistrellus pygmaeus,0.799,0.801,1.3995,1.405,,38da2b77-b9a7-419b-9b97-17c0a4aa12ff
Pipistrellus pygmaeus,0.815,0.818,1.5345,1.5409,,4c0c09b4-b126-4293-88d9-a69c4f29e69b
Pipistrellus pygmaeus,0.82,0.822,1.6135,1.6205,,e8e5288d-4f7f-4d8e-98ae-5767d892c7f7
Pipistrellus pygmaeus,0.811,0.812,1.6855,1.692,,2d7e8975-588d-41af-a71f-992fd2f0d0b9
Pipistrellus pygmaeus,0.763,0.765,1.8395,1.8465,,9c394b69-e88c-4e97-a263-7045542e5950
Pipistrellus pygmaeus,0.75,0.751,1.9965,2.0022,,29521305-fedb-455f-981d-e1c20f45ee0d
Pipistrellus pygmaeus,0.689,0.692,2.0795,2.0864,,af5ddcde-6c7e-4972-9c97-6b405e03b416
Pipistrellus pygmaeus,0.765,0.767,2.1665,2.1732,,690df1e2-20d5-4517-be12-6c5dcb8ae5a5
Pipistrellus pygmaeus,0.82,0.823,2.2515,2.2584,,765046d8-9d11-4262-8bdc-45341d0f2c43
Pipistrellus pygmaeus,0.772,0.778,2.3375,2.3447,,5c0ee8a8-cdd1-4190-8834-5919ea268008
Pipistrellus pygmaeus,0.827,0.829,2.4325,2.4389,,4193a8a8-0c7b-4385-8a18-cf44bdc17b40
Pipistrellus pygmaeus,0.812,0.817,2.5935,2.6,,ceccee0f-9837-4082-91c5-de0aeeac56fa
Pipistrellus pygmaeus,0.812,0.814,2.6775,2.6839,,eea4e225-6cf6-474d-a6ef-dd1fc1453e1f
Pipistrellus pygmaeus,0.826,0.828,2.7665,2.7725,,b3574ac9-f5b3-4b09-b071-cf9bd583eee7
Pipistrellus pygmaeus,0.823,0.826,2.9305,2.9354,,d9bad721-b170-484a-8dc4-fd81fa536b50
Pipistrellus pipistrellus,0.677,0.686,0.3005,0.3093,,59eca5dd-93e7-4fac-8f91-07fb5ca4b1b6
Pipistrellus pipistrellus,0.71,0.747,0.4475,0.455,,618fc087-99ba-4c93-bf46-6529791b41c5
Pipistrellus pipistrellus,0.624,0.637,0.5425,0.5514,,2c7ca73c-a768-4779-abf6-84cd18660663
Pipistrellus pipistrellus,0.709,0.727,0.7805,0.7881,,3473794c-d612-45f3-bba0-ebf30ac937b6
Pipistrellus pipistrellus,0.72,0.729,0.9445,0.9527,,68c3a98f-49a6-4314-adcd-7b2a543a3513
Pipistrellus pipistrellus,0.684,0.722,1.1115,1.1193,,fcee37a3-28b2-41d5-8a3f-29f4294fa739
Pipistrellus pipistrellus,0.736,0.751,1.2085,1.2168,,6e522354-b073-4318-abc2-28184bb65ece
Pipistrellus pipistrellus,0.718,0.722,1.3725,1.3799,,efc6089d-ba77-465e-bc1c-6124e943a598
Pipistrellus pipistrellus,0.715,0.737,1.4675,1.4759,,a1060a8c-8a45-4a1f-bc16-b95cf7d2da5d
Pipistrellus pipistrellus,0.739,0.751,1.6245,1.6333,,6b048565-d5fa-4876-aa53-597aeaca5337
Pipistrellus pipistrellus,0.745,0.761,1.7225,1.7322,,cccae56f-773a-4e44-a0b4-d279d87dde14
Pipistrellus pipistrellus,0.673,0.689,1.8895,1.8997,,374b2692-d44d-4f43-aca5-88474bd121c2
Pipistrellus pipistrellus,0.749,0.792,1.9705,1.9771,,d1dc88fe-d426-4f54-b41b-906ddd34ea1c
Pipistrellus pipistrellus,0.732,0.758,2.0345,2.0404,,90510d35-e33b-4062-8202-2f80ff6b90d6
Pipistrellus pipistrellus,0.702,0.717,2.0865,2.0917,,abd3c501-9abf-445c-96e9-e84d114ffb20
Pipistrellus pipistrellus,0.727,0.735,2.1295,2.1347,,1bfe1cdd-3d6b-4304-9d3a-8ed526f6de0f
Pipistrellus pipistrellus,0.757,0.768,2.4345,2.4405,,8b96c82b-8c3f-4ff1-a329-fb8f1b9f7b71
Pipistrellus pipistrellus,0.784,0.815,2.5155,2.5223,,e8529716-0002-49d8-b2a6-51c4067eadb9
Pipistrellus pipistrellus,0.797,0.822,2.5965,2.6039,,c9cc5667-09e0-4a06-8e01-36d0e88c1f3f
Pipistrellus pipistrellus,0.776,0.791,2.7555,2.7622,,0217f69d-3498-482f-b54e-dbf2438c6851
Pipistrellus pipistrellus,0.792,0.809,2.8455,2.8525,,d865449f-05c0-4cb8-845f-d60a43e192c5
Pipistrellus pipistrellus,0.606,0.617,0.4715,0.4772,,1760025a-fcb2-452b-b0ab-894906f0f5aa
Pipistrellus pipistrellus,0.719,0.726,0.8815,0.887,,216be4b7-d586-4ec7-a12a-bd80e4a5598e
Pipistrellus pipistrellus,0.708,0.718,1.0345,1.0401,,2b6854d8-61ba-4f64-9793-5d1bdbd21f73
Pipistrellus pipistrellus,0.722,0.733,1.1175,1.1235,,860d622e-8330-4566-a471-7a39091e83de
Pipistrellus pipistrellus,0.69,0.696,1.2035,1.2088,,5dd5e139-7e45-46c7-8e87-04a4b8f322e2
Pipistrellus pipistrellus,0.707,0.737,1.2915,1.2968,,465d1575-2d44-4af2-8d80-2bc370599711
Pipistrellus pipistrellus,0.711,0.716,1.4715,1.4769,,3f42f44c-b3f4-41ba-b7f8-bb42d94dc4ae
Pipistrellus pipistrellus,0.761,0.774,1.6485,1.6539,,0ff4cb3f-4ae2-4359-bf2b-c76511d4cab0
Pipistrellus pipistrellus,0.608,0.615,1.7375,1.7436,,9ff03895-7839-4587-8593-233ff4f18015
Pipistrellus pipistrellus,0.676,0.692,1.8355,1.841,,2631558f-4948-4595-859b-0911a750bb1e
Pipistrellus pipistrellus,0.64,0.653,1.9235,1.9293,,38538a03-0655-40bb-b8bc-194db5240596
Pipistrellus pygmaeus,0.662,0.691,2.5025,2.5093,,f83602fb-0022-4c2d-9734-f924f70b25fd
Pipistrellus pygmaeus,0.673,0.719,2.6665,2.6732,,a100e90d-8314-4ece-b661-e7c464a11eaa
Pipistrellus pygmaeus,0.69,0.711,2.7375,2.7432,,47891a21-802e-4297-a67b-c5b48a75c8a9
Pipistrellus pygmaeus,0.635,0.661,2.8205,2.8268,,58ab19a1-6315-44fc-9072-48a7c984a792
Pipistrellus pygmaeus,0.616,0.714,2.9035,2.9094,,907a1457-2218-4fde-b7e4-d8147407d596
Pipistrellus pygmaeus,0.741,0.747,0.8905,0.8955,,3822dfea-4ab0-4834-b903-c7cd83add703
Pipistrellus pygmaeus,0.687,0.691,0.9895,0.9943,,713df4dc-a1ae-49e4-b485-0e2c786ed973
Pipistrellus pygmaeus,0.682,0.685,1.1245,1.1296,,a3fa11e6-6138-42d7-93f0-f301e41b1987
Pipistrellus pygmaeus,0.692,0.694,1.2215,1.2269,,30643d73-4daa-48d6-be4d-b7a9c226f946
Pipistrellus pygmaeus,0.707,0.71,1.3125,1.3186,,b7b7b8cb-8b0e-4776-bb76-24c2f41cc958
Pipistrellus pygmaeus,0.738,0.741,1.4015,1.4068,,5cc1374c-72e7-4399-bc12-2c87a6e95098
Pipistrellus pygmaeus,0.788,0.793,1.4775,1.4833,,1a4e7beb-2bd6-489c-bac3-73d6d4902da9
Pipistrellus pygmaeus,0.763,0.769,1.5595,1.5652,,df6be924-beb3-44d6-a0e3-0ad8b15b1d3e
Pipistrellus pygmaeus,0.674,0.678,1.6995,1.7055,,c07385ee-a9fd-4e43-83b7-da99cbe55ba8
Pipistrellus pygmaeus,0.778,0.781,1.9175,1.9231,,2917ae2b-3028-479c-8757-b32531749497
Pipistrellus pygmaeus,0.711,0.718,1.9905,1.9971,,632df15b-2789-4e63-a2fc-6afc57669c33
Pipistrellus pygmaeus,0.701,0.707,2.0625,2.0685,,004c6165-bb62-4789-83a4-06d03907a324
Pipistrellus pygmaeus,0.781,0.784,2.1285,2.1344,,09195b0c-5c8b-42b9-99a2-367262c2dad2
Pipistrellus pygmaeus,0.762,0.767,2.1885,2.1946,,924e4ecb-a43a-4c7d-b595-78a61df0f85c
Pipistrellus pygmaeus,0.738,0.746,2.2555,2.2614,,90f0370c-b6e9-499c-82ab-7ab585184bb8
Pipistrellus pygmaeus,0.684,0.694,2.3315,2.3375,,fc572840-f433-46ca-af84-93e2e78ded65
Pipistrellus pygmaeus,0.774,0.778,2.4605,2.4657,,cba43f5a-5bd1-4676-88a3-676f8af43ef5
Pipistrellus pygmaeus,0.748,0.759,2.5445,2.5507,,d8132ede-e3d9-4dda-b372-8b02493bb9b3
Pipistrellus pygmaeus,0.739,0.744,2.6715,2.6758,,04caec1c-b6b2-4ba2-899d-f216b9fad11d
Pipistrellus pygmaeus,0.726,0.73,2.8305,2.835,,3b5cb1b4-30d1-4afc-81cb-58af2734c434
Pipistrellus pygmaeus,0.706,0.712,2.9225,2.9271,,fbc7f1a6-66c8-4e4e-a57f-87ed9f334720
Pipistrellus pygmaeus,0.764,0.769,0.0595,0.0664,,b597c324-61a8-4427-b0e6-4acd2ef6e48d
Pipistrellus pygmaeus,0.756,0.761,0.1615,0.1677,,6d23fb7a-9cc2-4fc1-a74d-789c143b52d4
Pipistrellus pygmaeus,0.796,0.802,0.2615,0.2686,,2e493515-f8c1-48d7-bb6b-32c4d4767748
Pipistrellus pygmaeus,0.716,0.718,0.3335,0.3396,,ba09dbd0-2053-4cf2-b97d-77f101b5b83a
Pipistrellus pygmaeus,0.732,0.736,0.3885,0.3952,,6541aea5-4da0-4564-8e80-bddfce20c9bc
Pipistrellus pygmaeus,0.681,0.685,0.4375,0.4424,,6a0b1630-0769-4177-8a06-6125502beee2
Pipistrellus pygmaeus,0.769,0.774,0.4805,0.4857,,bd0fe7d9-d3b3-4135-aa7b-6b9b9d8ab01c
Pipistrellus pygmaeus,0.698,0.71,0.5625,0.5701,,fdc00864-e099-45d5-90ef-23fa88b5ff7c
Pipistrellus pygmaeus,0.747,0.757,0.6515,0.6594,,c7859ec7-576a-4a50-ac96-56b8dba49dc7
Pipistrellus pygmaeus,0.754,0.775,0.7395,0.7472,,5629a536-47a5-4a78-9953-1a03dfe1e66b
Pipistrellus pygmaeus,0.698,0.708,0.8235,0.8315,,76ad8b54-2c21-47ec-8f93-aea9977701c6
Pipistrellus pygmaeus,0.801,0.805,0.9025,0.9093,,def5e1f3-b871-4f9d-bc5d-4cebbb958260
Pipistrellus pygmaeus,0.769,0.775,0.9695,0.977,,c8cd9117-b77d-4f4c-b10b-e7b8f276efee
Pipistrellus pygmaeus,0.734,0.747,1.0345,1.0424,,9d36c131-db38-4c33-8aaf-010477afadb0
Pipistrellus pygmaeus,0.615,0.634,1.2055,1.2122,,498cf6ed-b15d-4df4-8689-eab1f066d8a8
Pipistrellus pygmaeus,0.78,0.784,1.2905,1.2972,,9a2e16ca-0a33-47e8-ae45-7fbf2e7d76b0
Pipistrellus pygmaeus,0.683,0.686,1.3845,1.3923,,2170abbb-4103-4691-8649-549a516f2bef
Pipistrellus pygmaeus,0.71,0.722,1.4785,1.4857,,09411bcc-0c7f-4257-9fb8-d9d4c16b795e
Pipistrellus pygmaeus,0.73,0.738,1.6685,1.6759,,c221c07f-31ec-4582-ba53-920bfb8ae84c
Pipistrellus pygmaeus,0.735,0.742,1.8555,1.8637,,0a16483c-9605-4764-a8fa-a46cc184b62c
Pipistrellus pygmaeus,0.705,0.711,1.9195,1.926,,4987d96d-07a6-42bd-b854-9f8ddc502d23
Pipistrellus pipistrellus,0.604,0.637,0.3895,0.397,,4e5da918-2f9e-4c84-8df6-b9f756f2cd15
Pipistrellus pipistrellus,0.624,0.66,0.8635,0.8717,,cd6ef739-1762-403e-bee4-272fab2e07fd
Pipistrellus pipistrellus,0.635,0.66,1.0585,1.0664,,6cdf216f-f61d-4780-9f71-aaf56351567d
Pipistrellus pipistrellus,0.606,0.652,1.5695,1.5782,,b1fda3ba-b655-4307-a3ec-e142d0ae1da2
Pipistrellus pipistrellus,0.686,0.738,1.7615,1.7692,,6c5cd2f2-c71a-4d7e-a8fe-cf3df981eeb6
Pipistrellus pipistrellus,0.669,0.7,1.8535,1.8619,,b1e9833d-a1e4-4851-87d6-94266682a375
Pipistrellus pipistrellus,0.661,0.746,1.9505,1.9584,,749789f8-1dfa-47e2-9bcf-a45ff203f3c7
Pipistrellus pygmaeus,0.683,0.7,1.6605,1.6683,,867006a4-878a-4d0c-8e3b-55171a220ef3
Pipistrellus pygmaeus,0.622,0.63,2.1745,2.1834,,2dbe5cf4-862c-4668-9d85-15caf3365d4a
Pipistrellus pygmaeus,0.666,0.672,2.3435,2.3511,,881264e1-2950-4759-9347-2f216de06c3d
Pipistrellus pygmaeus,0.653,0.657,2.5255,2.5346,,576cd382-f650-4051-993c-83a32a589d2e
Pipistrellus pygmaeus,0.642,0.677,2.6035,2.6117,,91a073fe-33c8-4ee8-a255-656eff1ee340
Pipistrellus pygmaeus,0.609,0.686,2.6615,2.6699,,69683c77-4e71-4c16-a2a7-e7cc7395fb68
Pipistrellus pygmaeus,0.638,0.653,2.8105,2.8201,,f6739abe-9ef8-4fe8-b412-501259839790
Pipistrellus pygmaeus,0.607,0.618,2.9765,2.985,,f36422b0-cbef-4ceb-b98f-dcbc9d9f0301
Pipistrellus pipistrellus,0.692,0.743,2.4455,2.4512,,22bb64bc-9b88-43c4-871d-303cdc735cd2
Pipistrellus pipistrellus,0.628,0.646,2.7945,2.8005,,f09a13e2-d64a-4e21-a147-3824b55f05ee
Pipistrellus pipistrellus,0.668,0.724,0.1325,0.1415,,f45ce483-0d17-446a-ba14-10b9a005b64c
Pipistrellus pipistrellus,0.672,0.755,0.2355,0.2436,,447b101a-1a73-49da-b82c-319396be55e4
Pipistrellus pipistrellus,0.744,0.805,0.3815,0.3881,,15faf463-c585-4e6a-bd87-cdd580b33a6d
Pipistrellus pipistrellus,0.666,0.768,0.4775,0.486,,de72819f-3f54-4be2-ae18-576d11f99140
Pipistrellus pipistrellus,0.728,0.783,0.5725,0.5809,,e783e443-18b9-4634-a7fa-30b905e8bce3
Pipistrellus pipistrellus,0.749,0.794,0.6695,0.6776,,6c44ee9a-1250-433b-acc1-33dde1c94d6c
Pipistrellus pipistrellus,0.729,0.811,0.9155,0.9233,,2be5c0c4-b7fe-473d-a0b5-ce67ea5c4d9b
Pipistrellus pipistrellus,0.775,0.786,1.0135,1.0216,,d9ef7336-3e39-468f-b684-1da67aa9c99f
Pipistrellus pipistrellus,0.789,0.802,1.1215,1.1296,,b8701071-0a33-4796-a713-3468425cf569
Pipistrellus pipistrellus,0.757,0.788,1.2235,1.2318,,c32e463d-e3ef-4b32-967e-b5089994e26e
Pipistrellus pipistrellus,0.697,0.823,1.3185,1.3274,,5ebe76f7-b8dd-4c37-8dfe-cc66d7ebf8a0
Pipistrellus pipistrellus,0.688,0.819,1.4045,1.4123,,f1152b25-a4b4-4e88-ac48-b5cbb5d45142
Pipistrellus pipistrellus,0.711,0.801,1.5555,1.5633,,bcd24e52-20d7-45c4-b085-11b7645b38b7
Pipistrellus pipistrellus,0.69,0.787,1.6515,1.6592,,a18d85e3-9fb2-4e02-95fa-5c2a55c5a3c1
Pipistrellus pipistrellus,0.784,0.804,1.7515,1.7585,,f2827f2a-39f8-419f-95cb-241d6acb8bbf
Pipistrellus pipistrellus,0.722,0.763,1.8475,1.8556,,b6a83d2c-6c9b-4f4f-9506-8109ec68a81b
Pipistrellus pipistrellus,0.768,0.783,1.9985,2.0064,,92426f0e-c221-48cc-a194-56ee7a3ac8fa
Pipistrellus pipistrellus,0.756,0.765,2.2405,2.2464,,330b53d0-eb16-4af9-9445-0fd97e778966
Pipistrellus pipistrellus,0.699,0.73,2.3385,2.3452,,bad5e262-6fc3-4d31-9b6e-b9417c8f8a4a
Pipistrellus pipistrellus,0.76,0.77,2.5085,2.5164,,0cc0d66a-2642-4a3b-9ff4-ac6c08a655a1
Pipistrellus pipistrellus,0.634,0.661,2.6205,2.6302,,5d3fb6ea-ed67-4928-8bf3-de66cbb4dbe1
Pipistrellus pygmaeus,0.666,0.686,0.0185,0.0261,,223ab2d7-d803-4ca2-9a58-4358c0628d55
Pipistrellus pygmaeus,0.763,0.769,0.1925,0.1991,,8796b884-2eae-45fa-8fdb-5b0aa3557aad
Pipistrellus pygmaeus,0.653,0.669,0.3795,0.3875,,58d9eaa2-397b-4f7f-8fdd-d6b9cdc04647
Pipistrellus pygmaeus,0.709,0.721,0.4805,0.4878,,c36dae14-10b3-4e0d-a9fb-b49832f177d7
Pipistrellus pygmaeus,0.686,0.691,0.6595,0.6667,,2b3dd45c-83c4-4dcd-9a45-c772b525f929
Pipistrellus pygmaeus,0.736,0.752,0.7355,0.7426,,6cefaef8-d415-490d-9dca-92bf8d0e6733
Pipistrellus pygmaeus,0.681,0.694,0.8155,0.8235,,7b401707-6e40-40bb-92ca-320e02c00c25
Pipistrellus pygmaeus,0.611,0.616,0.9915,0.9988,,8deccb8a-e43d-4062-a58e-336efa06bb8f
Pipistrellus pygmaeus,0.651,0.657,1.3335,1.3402,,2fa711df-e1ac-4821-b1d6-51a1c1adcda7
Pipistrellus pygmaeus,0.684,0.695,1.5245,1.5311,,1b829fd6-d50a-462c-b986-f8ee5e18e11c
Pipistrellus pygmaeus,0.703,0.726,1.8795,1.887,,ea360e40-4008-4bba-a19f-ca1bd29df0e4
Pipistrellus pipistrellus,0.627,0.634,2.2335,2.2399,,22bfe198-b08a-4924-9130-2b36e7941285
Pipistrellus pipistrellus,0.704,0.722,2.3195,2.3247,,8d033634-823e-4902-8b10-6a4049416b8b
Pipistrellus pipistrellus,0.662,0.706,2.4055,2.4112,,3c74255b-eb67-4c44-90a4-c23ebf865a88
Pipistrellus pipistrellus,0.74,0.763,2.4925,2.4975,,32f73146-c36a-49fc-8096-2886f621e173
Pipistrellus pipistrellus,0.765,0.776,2.5855,2.5915,,dfcc4ec2-6efa-4729-9ccb-3dfe48f2a0c2
Pipistrellus pipistrellus,0.707,0.721,2.6745,2.6804,,de560410-2f5a-47fc-8651-7ea59985a0a0
Pipistrellus pipistrellus,0.69,0.701,2.7675,2.7736,,0a653b02-f28a-434a-897f-bd15a4ff8ef5
Pipistrellus pipistrellus,0.741,0.75,2.8675,2.8736,,2c9bac17-1ab6-439e-a60f-90ef5e616ca0
Pipistrellus pipistrellus,0.668,0.682,2.9665,2.9728,,a7b1281c-186c-44b3-bb0f-4e1ac15beaf8
Pipistrellus pygmaeus,0.757,0.76,0.1445,0.1503,,9ce9bc31-056f-4f4c-8e73-1b5c8484cb9a
Pipistrellus pygmaeus,0.68,0.688,0.4835,0.4893,,99acd189-4a5e-4836-ba50-414bb9798c2d
Pipistrellus pygmaeus,0.718,0.729,0.6525,0.6591,,1be90375-fd24-4543-a44d-cfa4dc173746
Pipistrellus pygmaeus,0.601,0.612,0.8225,0.8296,,721c7248-8a6a-46a8-abea-f650905ca54e
Pipistrellus pygmaeus,0.752,0.757,1.2255,1.2318,,14e4f1d7-91c1-4dc8-b092-34132c5e95b9
Pipistrellus pygmaeus,0.626,0.637,2.0905,2.1002,,86d7a36e-a5cd-4191-adae-b0a19b09fdaf
Pipistrellus pygmaeus,0.664,0.679,2.3445,2.3515,,490284dd-3e93-4ba6-9a5c-d933599a41ad
Pipistrellus pygmaeus,0.709,0.712,2.5195,2.5254,,2836df2a-7ca0-442e-96dd-5e2585d082b1
Pipistrellus pygmaeus,0.724,0.732,2.6945,2.7001,,486762b7-510c-47ff-a148-878424727061
Pipistrellus pygmaeus,0.607,0.63,2.8655,2.8726,,ddc10e2d-d232-42d6-9077-47ec52317b9c
Pipistrellus pipistrellus,0.633,0.675,0.0735,0.08,,dba70081-34de-4a7a-a51a-0863110a75ee
Pipistrellus pipistrellus,0.711,0.731,0.2615,0.267,,d59f32cc-7c9d-4fcf-a134-0511d3f1aaa1
Pipistrellus pygmaeus,0.637,0.64,0.9135,0.9188,,80cf54e0-cd47-4cb3-a564-8083fdd54f48
Pipistrellus pygmaeus,0.6,0.603,1.9785,1.9838,,a9bb1f61-38d5-4836-8232-29156d1eeb6a
Pipistrellus pygmaeus,0.654,0.657,2.1485,2.1541,,ba7fc324-2e54-4091-92cb-82991f196610
Pipistrellus pygmaeus,0.692,0.7,2.2345,2.2404,,170e2438-d424-466e-aafe-033a5c741ce5
Pipistrellus pygmaeus,0.761,0.775,2.3945,2.4017,,43d5689e-e4d5-4967-a3c3-6c135ba5d468
Pipistrellus pygmaeus,0.609,0.614,2.4655,2.4718,,a98a4aca-ad3d-4986-a910-dda98c7ef07d
Pipistrellus pygmaeus,0.819,0.822,2.4825,2.4887,,2fc85352-ed71-4440-abf3-fa013779517f
Pipistrellus pygmaeus,0.792,0.796,2.5685,2.574,,d3222442-33ba-420d-9b93-ce3bc8d3edda
Pipistrellus pygmaeus,0.626,0.64,2.5965,2.603,,0df46b1e-2342-4405-a936-3057f77a286d
Pipistrellus pygmaeus,0.753,0.766,2.6495,2.6571,,459d9259-df05-447d-ad5c-79769b7ccf1b
Pipistrellus pygmaeus,0.613,0.617,2.6795,2.6859,,abaa20d6-7012-4fe0-a03c-966f9bb0dc14
Pipistrellus pygmaeus,0.779,0.791,2.7245,2.7314,,8b1afbea-723c-4096-b068-daae590c2cb2
Pipistrellus pygmaeus,0.64,0.647,2.7605,2.767,,d295c9d8-f855-489b-a66f-a28309d7b4dd
Pipistrellus pygmaeus,0.675,0.697,2.8085,2.8158,,7e970092-f1c6-487e-bc40-e94ebac4ac23
Pipistrellus pygmaeus,0.696,0.7,2.8375,2.8443,,ce131e6d-ffb0-4e9b-bad5-d2c22815f648
Pipistrellus pygmaeus,0.75,0.766,2.8945,2.9017,,2db84d7d-856a-4bfe-9ba7-7758659cb3e3
Pipistrellus pygmaeus,0.674,0.676,2.9145,2.921,,44c688b2-732b-4f02-9807-36f525cdb3fd
Pipistrellus pygmaeus,0.695,0.7,2.9795,2.9857,,d26bf637-d4f9-4c4d-acdf-43b5b48cdc0b
Pipistrellus pygmaeus,0.613,0.622,1.4335,1.441,,dffc23be-2413-4cb7-994d-febc51053663
Pipistrellus pygmaeus,0.623,0.642,1.5205,1.5288,,591a1396-b8a3-4fb0-99a7-88d93b6acef2
Pipistrellus pygmaeus,0.741,0.754,1.6085,1.6156,,49a76b6c-a226-41f9-bc9e-a96582ed0915
Pipistrellus pygmaeus,0.7,0.745,1.7885,1.7951,,a4e3125e-7ac9-4add-ae75-50630cbda107
Pipistrellus pygmaeus,0.656,0.669,1.8815,1.8902,,3c9b9add-bb14-4d64-ace8-305f61471618
Pipistrellus pygmaeus,0.697,0.726,1.9645,1.9723,,a2ae0de3-a9e3-412e-b647-13f7152b7114
Pipistrellus pygmaeus,0.636,0.662,2.2325,2.2416,,d3971362-c0e2-4f7d-830f-e512a8215e0b
Pipistrellus pygmaeus,0.635,0.67,2.3185,2.3266,,cd60efd9-4fd0-43eb-b0d7-5636371d0754
Pipistrellus pygmaeus,0.636,0.678,2.4035,2.4109,,3df7fe9d-10e8-4028-98f5-aa461dbac1e8
Pipistrellus pygmaeus,0.667,0.699,2.4885,2.4968,,68b86325-698c-4775-acc7-9d2b5543e64f
Pipistrellus pygmaeus,0.669,0.693,2.6565,2.6647,,41cab2cc-fe71-46e7-a048-d314b82965e9
Pipistrellus pygmaeus,0.668,0.678,2.8285,2.8373,,8e62e8f0-0ab5-47af-98de-f048fcc999a9
Pipistrellus pygmaeus,0.669,0.677,2.9155,2.9236,,94616f2e-5058-487e-8e95-4f9ffdafb9e2
Pipistrellus pygmaeus,0.666,0.685,1.9855,1.9921,,73d84a4d-d4af-4664-b248-7d8c714aa0d5
Pipistrellus pygmaeus,0.615,0.646,2.4135,2.4199,,7553374c-a3a0-43b2-9c64-a87f727677bc
Pipistrellus pygmaeus,0.686,0.691,0.1695,0.1755,,73ba9b2e-4550-4b4e-90a7-34323933f41d
Pipistrellus pygmaeus,0.652,0.659,0.2555,0.2607,,bd0d3826-66ce-43ec-a352-01b58ce21a8f
Pipistrellus pygmaeus,0.776,0.783,0.3365,0.3428,,e5d3a67d-65ef-4f1d-8725-32d2ebd5a85c
Pipistrellus pygmaeus,0.723,0.75,0.4945,0.5014,,3de6ce66-4652-4177-9afa-b34af91d41c6
Pipistrellus pygmaeus,0.729,0.735,0.5825,0.59,,2f395645-e0dd-4cd0-9afe-fe920064fab7
Pipistrellus pygmaeus,0.692,0.698,0.6725,0.679,,c00a4f7e-f53d-4146-972d-77513b8d7dda
Pipistrellus pygmaeus,0.733,0.746,1.1055,1.1139,,9e59df31-13de-40dc-bad8-2df2da37b219
Pipistrellus pygmaeus,0.732,0.738,1.2805,1.2886,,1747591a-ebfd-4292-a994-8c5e43afc36f
Pipistrellus pygmaeus,0.607,0.616,1.6895,1.6961,,e24c0887-276f-49fd-b274-a51154e15ab7
Pipistrellus pygmaeus,0.696,0.721,2.2655,2.2723,,f2200768-844e-4c28-96f0-fae52922a1b0
Pipistrellus pygmaeus,0.653,0.67,0.3885,0.396,,1c2bc147-d0d7-41b1-af6e-b9cd10b1704a
Pipistrellus pygmaeus,0.62,0.645,0.4745,0.4824,,446e5f89-3976-4b05-8155-949372a69818
Pipistrellus pygmaeus,0.75,0.755,0.5635,0.5707,,a9349f6b-aa0f-471a-a68d-99de0b9b852e
Pipistrellus pygmaeus,0.608,0.62,0.6565,0.6644,,0069d39c-e90e-4eb4-a37a-1363a26cc967
Pipistrellus pygmaeus,0.695,0.705,0.7475,0.7543,,aff078a5-9a54-4702-a146-c1d96bc0e25a
Pipistrellus pygmaeus,0.711,0.719,0.9355,0.9428,,93a5136a-01b4-4c09-9980-9b9aa7e779b8
Pipistrellus pygmaeus,0.681,0.692,1.0275,1.036,,b0e552d9-0795-42ba-ad03-f9fc6f2ad333
Pipistrellus pygmaeus,0.744,0.752,1.1185,1.1263,,3fee31c2-e06c-4bb2-a9c4-607f03318342
Pipistrellus pygmaeus,0.68,0.693,1.2035,1.212,,f5305625-8171-4b54-a3f1-b9db5ab50bf1
Pipistrellus pygmaeus,0.698,0.716,1.2925,1.3,,f4483518-9755-470d-9f97-148b6c66645f
Pipistrellus pygmaeus,0.671,0.687,1.3785,1.3866,,e6e3355d-b693-4540-95f6-f3323319599d
Pipistrellus pygmaeus,0.605,0.618,1.4525,1.4605,,149ec750-8ea0-4d96-a6c2-26ccd6dfafca
Pipistrellus pygmaeus,0.683,0.688,1.5275,1.534,,825d7556-3308-4e0b-bfd9-7d14568e750c
Pipistrellus pygmaeus,0.771,0.776,1.5985,1.6052,,c24331c8-263a-4fa2-80ba-0f29fca71b80
Pipistrellus pygmaeus,0.631,0.638,2.1275,2.1341,,4629ac14-8848-4fe3-9c35-efec69ab4be7
Pipistrellus pygmaeus,0.67,0.686,2.2255,2.2326,,b9424187-edcf-4040-896f-73d62b65de49
Pipistrellus pygmaeus,0.677,0.697,2.2965,2.3045,,17c31c77-d8cb-4d73-8336-f831d944481c
Pipistrellus pygmaeus,0.683,0.693,2.3675,2.374,,fe3aa28b-b7ce-4332-981d-7260ee0e5a95
Pipistrellus pygmaeus,0.642,0.659,2.4375,2.4446,,ea1da21f-bb0b-4d16-bd14-51e8ac6f045d
Pipistrellus pygmaeus,0.747,0.753,2.5095,2.5166,,07bd2f2e-b98e-49d5-854e-2642f2e69162
Pipistrellus pygmaeus,0.664,0.666,2.6315,2.637,,1d41b0a4-42af-4fef-8e07-3b8a67a4834d
Pipistrellus pygmaeus,0.772,0.777,2.9735,2.98,,75950006-ccc0-4f72-82cd-0c64293bb73d
Pipistrellus pygmaeus,0.627,0.658,0.0355,0.0418,,361ca725-90bb-4978-b2d2-dced3f9cba3b
Pipistrellus pygmaeus,0.688,0.697,0.1075,0.1134,,1e082c4d-617e-4783-ba58-7e95c666e4f7
Pipistrellus pygmaeus,0.714,0.724,0.1715,0.1762,,cfd7dc73-c34b-420e-80bd-238bba3b8058
Pipistrellus pygmaeus,0.691,0.696,0.2455,0.2513,,732945a3-269f-457c-8dce-b1b8ff309de1
Pipistrellus pygmaeus,0.714,0.74,0.3275,0.3336,,6b994d11-6da7-45f9-9159-5685281bcade
Pipistrellus pygmaeus,0.684,0.703,0.4935,0.5005,,1b9c6e67-b081-42a4-9ebc-9441ae2c53e2
Pipistrellus pygmaeus,0.65,0.678,0.5815,0.5873,,7a207fda-9b94-4875-8a69-14e461e98079
Pipistrellus pygmaeus,0.602,0.667,0.7595,0.7655,,8bb60b95-6485-49f9-b1bc-c049cfaff73b
Pipistrellus pipistrellus,0.615,0.62,0.0015,0.007,,400baea5-a427-4b7b-897e-30df3dd3ecb4
Pipistrellus pipistrellus,0.756,0.782,0.0925,0.0996,,0a55b58c-9060-415b-9893-e9cf87f1892a
Pipistrellus pipistrellus,0.781,0.8,0.2535,0.2605,,99bbe43e-d555-4248-b5bf-9a67b5687fc2
Pipistrellus pipistrellus,0.755,0.773,0.3505,0.3571,,f9b2fa0a-93a9-444e-b320-4eddd9183916
Pipistrellus pipistrellus,0.697,0.785,0.4435,0.4509,,dcc592d8-fc0e-4855-9a15-ab140715cb95
Pipistrellus pipistrellus,0.766,0.784,0.5345,0.5415,,354257c6-dd1d-4f59-9437-7e1c7896bf76
Pipistrellus pipistrellus,0.742,0.767,0.6265,0.6343,,9ea65475-0788-4008-8a77-ae19cf168968
Pipistrellus pipistrellus,0.795,0.814,0.7175,0.7254,,b86c249a-7428-4c7c-a6f7-7bc9c7dc0a2e
Pipistrellus pipistrellus,0.752,0.759,0.8145,0.8217,,4ed7f105-140e-4d8d-80eb-34489fea793c
Pipistrellus pipistrellus,0.761,0.768,0.9115,0.9188,,e053637a-ed5a-4a20-a3c8-8fb33fcaf497
Pipistrellus pipistrellus,0.748,0.767,1.0125,1.022,,bf0775c4-d4e3-4140-8f82-a1df3b40c101
Pipistrellus pipistrellus,0.761,0.77,1.1065,1.1135,,7602d461-ba28-4b91-b338-95ef9e509eb5
Pipistrellus pipistrellus,0.774,0.78,1.2505,1.2587,,a5394e58-a117-4023-9fbf-98f1861202b0
Pipistrellus pipistrellus,0.785,0.793,1.4115,1.4182,,d9adf47a-67e7-49c2-b501-97c00e1cd9f3
Pipistrellus pipistrellus,0.738,0.745,1.5045,1.5115,,01f6fd1d-66f3-432b-ab38-b98fcea7e8d0
Pipistrellus pipistrellus,0.781,0.792,1.6555,1.6616,,89f1a0f3-7709-4b00-9c16-5cc6d45ff1e0
Pipistrellus pipistrellus,0.751,0.787,1.7955,1.8037,,13d3dfb3-2924-4ea8-82ef-2aa299a155b0
Pipistrellus pipistrellus,0.769,0.789,1.8885,1.8958,,f1c06738-c558-4a17-951e-99c85cacf4a9
Pipistrellus pipistrellus,0.761,0.775,1.9815,1.9888,,12482734-7837-421e-85eb-ea5e7ff3e1c3
Pipistrellus pipistrellus,0.787,0.799,2.1355,2.1417,,ced4f90b-6a38-4d75-8f29-afc4f28630e6
Pipistrellus pipistrellus,0.747,0.771,2.2935,2.3006,,592b1ec4-f23e-417d-849f-343658de7d01
Pipistrellus pipistrellus,0.809,0.834,2.3855,2.3921,,cd60f3ce-b2ff-442f-aa52-577ab597eaac
Pipistrellus pipistrellus,0.792,0.81,2.4925,2.4991,,5aeb7ee4-f9ca-4fcd-ab65-85d5fb1aa9ce
Pipistrellus pipistrellus,0.755,0.77,2.5355,2.5411,,f95c6319-45a9-48dd-af83-c03fd1839448
Pipistrellus pipistrellus,0.793,0.817,2.6135,2.6212,,dbd1bb1b-3a2c-4573-bd06-1184292cf3da
Pipistrellus pipistrellus,0.774,0.779,2.7045,2.7107,,83c05584-501f-4148-bffa-f1b7368d22e6
Pipistrellus pipistrellus,0.75,0.763,2.8025,2.8089,,dc27ce34-bf91-478a-b57a-fce1ebbe5a0f
Pipistrellus pipistrellus,0.737,0.757,2.8915,2.8985,,4ebefc13-3d2a-477e-a742-2b7af8052075
Pipistrellus pygmaeus,0.608,0.616,0.3845,0.3902,,10949660-d505-41f2-ad10-10af093cd6ae
Pipistrellus pygmaeus,0.685,0.698,0.5605,0.5669,,d28dcffb-8aa6-47d0-9f3d-e62868d756ec
Pipistrellus pygmaeus,0.632,0.658,0.7335,0.7395,,8a018628-52a2-487d-af0f-a354f1ac75f1
Pipistrellus pygmaeus,0.629,0.64,0.4205,0.4263,,b219b2c2-8bca-4ac5-a18d-c14c538e88e9
Pipistrellus pygmaeus,0.621,0.639,1.5205,1.5269,,2c0842d1-b536-4542-937b-2918c2ba9441
Pipistrellus pipistrellus,0.627,0.654,1.1095,1.1174,,53ad9bf4-7ea5-4c77-9dfa-db1c8eca5b7f
Pipistrellus pipistrellus,0.687,0.732,1.4645,1.4715,,291a47e8-d43a-45a9-9cee-5c6a25fde0b7
Pipistrellus pipistrellus,0.7,0.73,2.0515,2.0591,,2fb7d119-731a-48bb-9d10-516fd885efbb
Pipistrellus pipistrellus,0.635,0.655,2.1475,2.1554,,cae6acb2-686e-44ef-9078-6d47d071f538
Pipistrellus pipistrellus,0.707,0.774,2.2425,2.2498,,4b6d1042-948f-4b88-ad89-fceef51c9e23
Pipistrellus pipistrellus,0.632,0.656,2.3435,2.3508,,15d92813-8ef0-4eea-81fd-3998a0c0d981
Pipistrellus pipistrellus,0.632,0.641,2.5435,2.5521,,bf9b28b1-5ccf-4457-9c97-5d14554e17d7
Pipistrellus pipistrellus,0.628,0.652,2.6355,2.6432,,b04bcf56-7eec-47a7-a3d6-fb089e75366d
Pipistrellus pipistrellus,0.615,0.625,2.8055,2.8124,,73f97a67-ece2-4431-94b7-288ca4a04ef7
Pipistrellus pipistrellus,0.6,0.611,0.2435,0.2487,,e916e38a-4f17-4a02-88d6-56f119d14e8b
Pipistrellus pipistrellus,0.621,0.653,1.3925,1.3986,,7ed8cf52-3894-45e2-8e23-4731e37fb758
Pipistrellus pipistrellus,0.666,0.682,1.9475,1.9531,,c4be70e6-e876-4cdd-b0fc-41729a1a2526
Pipistrellus pipistrellus,0.621,0.658,2.1405,2.1464,,a80b97f0-6697-4bb8-9011-e791169236b1
Pipistrellus pipistrellus,0.656,0.727,2.4795,2.4853,,7497a005-f549-4ca4-9b55-149f18c6db28
Pipistrellus pipistrellus,0.7,0.723,2.5445,2.5502,,76f49c08-3076-4250-b606-b3e86afc4b65
Pipistrellus pipistrellus,0.606,0.722,2.6865,2.6931,,0cc79473-44b0-4c9b-8f37-f7008579199b
Pipistrellus pipistrellus,0.658,0.671,2.7785,2.7839,,494ec399-5639-4b60-a5ba-4f61bd606ba2
Pipistrellus pipistrellus,0.696,0.752,2.8725,2.879,,e8d6cb76-3a96-4c4c-94bd-8cd8c75ae13c
Pipistrellus pipistrellus,0.66,0.741,2.9695,2.9762,,549a786f-d827-4a5a-9ea3-2db2ab886335
Pipistrellus pygmaeus,0.602,0.605,0.0545,0.0587,,a7674c34-c995-4196-8f77-1f623191fc0c
Pipistrellus pygmaeus,0.631,0.645,0.0965,0.1018,,5a39a4aa-8eba-4d0a-a467-a6aa52ba1841
Pipistrellus pygmaeus,0.628,0.664,0.2215,0.225,,7a317ffc-705e-41ad-87e0-4d3a4992da83
Pipistrellus pygmaeus,0.642,0.665,0.9025,0.9061,,fd20680b-8a9b-4d1f-aafe-a5a8738c7a3b
Pipistrellus pygmaeus,0.619,0.648,0.9675,0.9712,,609669ca-6d37-49c3-a8d1-feb5659f5c14
Pipistrellus pygmaeus,0.611,0.636,1.0685,1.0732,,4f2f8d2c-894b-4031-af24-71a98d691ff1
Pipistrellus pygmaeus,0.645,0.649,1.2745,1.2818,,6bba7eeb-7546-4854-9494-0c5bec65304c
Pipistrellus pygmaeus,0.621,0.633,1.4065,1.4147,,3bef8ad6-08b7-41b6-aadc-d2667d89ab32
Pipistrellus pygmaeus,0.627,0.653,1.4705,1.4762,,eadf7d82-8809-4371-bcc2-3990ab2d3076
Pipistrellus pygmaeus,0.629,0.633,1.6055,1.6124,,abb01888-8cee-479c-8b46-fe6465e60aba
Pipistrellus pygmaeus,0.65,0.653,1.6405,1.6453,,7a775b5a-300d-4833-980d-fb72732c866b
Pipistrellus pygmaeus,0.705,0.708,1.6985,1.7036,,df7f4598-a911-4f79-bd23-9aa896183adb
Pipistrellus pygmaeus,0.66,0.666,0.2965,0.3026,,70886b54-83ea-43a4-a3ae-acbe98dcf526
Pipistrellus pygmaeus,0.691,0.719,0.4675,0.4741,,83a8e317-5be1-4493-90a2-2851fe3b8537
Pipistrellus pygmaeus,0.654,0.665,0.5525,0.5591,,03c48cd4-ff21-4f06-9d2c-51c36da26372
Pipistrellus pygmaeus,0.744,0.757,0.6315,0.6387,,8cc1058d-1a51-45ea-ad67-ce23ec33f977
Pipistrellus pygmaeus,0.628,0.635,0.8745,0.8796,,511b0f46-5d53-4cda-8c6c-7028dfeb2a0b
Pipistrellus pygmaeus,0.711,0.716,1.5205,1.5267,,cadaf8f2-6f87-4820-8d12-1559e2a47307
Pipistrellus pygmaeus,0.669,0.678,1.6825,1.6891,,e410000b-4577-490e-b948-c0b1cd31142a
Pipistrellus pygmaeus,0.708,0.714,2.2225,2.2287,,34ed9c33-d906-441b-b494-7473d5ba1b66
Pipistrellus pygmaeus,0.667,0.672,2.3135,2.32,,e498e412-1878-49df-ad1e-902232c10246
Pipistrellus pygmaeus,0.625,0.628,2.4005,2.4066,,3a54ab73-fa5c-4734-8e4f-2876c7757a0c
Pipistrellus pygmaeus,0.645,0.651,2.4925,2.4992,,70765766-da64-4590-9d9e-5ae9c2a88270
Pipistrellus pygmaeus,0.709,0.731,2.6545,2.6619,,e4354d82-155c-452b-a7a6-fd311a8ec9df
Pipistrellus pygmaeus,0.756,0.762,2.7285,2.7355,,3c3234ac-f16e-464e-bb93-9cfae9b26131
Pipistrellus pygmaeus,0.72,0.725,2.8105,2.8158,,98c9b6ae-a8ac-4041-99ab-70e0779b402a
Pipistrellus pipistrellus,0.641,0.711,0.7675,0.7765,,5eec0786-57f9-4ab2-a4a8-ba81b06cbbce
Pipistrellus pipistrellus,0.668,0.677,0.8475,0.8555,,07c0822d-c4e7-492b-8fb8-562278b0314b
Pipistrellus pipistrellus,0.718,0.726,0.9195,0.9254,,fb71e829-9662-431e-a653-e5144bf706ff
Pipistrellus pipistrellus,0.654,0.676,1.0065,1.0134,,7c4d5bab-4960-4cf4-88f5-4caa7a2bc321
Pipistrellus pipistrellus,0.645,0.737,1.1995,1.2066,,99ca012b-a0f3-42b5-9af4-8d502f5853a0
Pipistrellus pipistrellus,0.651,0.672,1.2775,1.2847,,c1bcd974-7e56-40f7-a6bc-835777a5aebc
Pipistrellus pipistrellus,0.643,0.673,1.3465,1.3532,,efbb9404-7a3e-4873-8998-2b90945fdc23
Pipistrellus pipistrellus,0.665,0.699,1.4415,1.4488,,0eae162b-2006-4b4d-ad92-3486c0703af8
Pipistrellus pipistrellus,0.69,0.779,1.5335,1.5404,,5bdb6a6d-337e-406a-b434-37f332de450c
Pipistrellus pipistrellus,0.658,0.714,1.6285,1.6347,,19903db8-12ae-46af-b218-61622c5ce4c6
Pipistrellus pipistrellus,0.688,0.807,1.7945,1.8016,,f71ee09d-e623-4cb5-9002-25775170acf5
Pipistrellus pipistrellus,0.699,0.778,2.0735,2.0805,,d736def3-ba13-4683-8262-e6bc03c2129e
Pipistrellus pipistrellus,0.662,0.676,2.1785,2.1843,,0a462acb-1c5d-4bcc-a5b6-10fbb64f0aa6
Pipistrellus pipistrellus,0.712,0.734,2.2805,2.2869,,dc00e331-fe2a-494c-8c9c-1d88f105b3a6
Pipistrellus pipistrellus,0.739,0.789,2.3605,2.3682,,e48d3954-3dde-4821-ada4-bb56e3df9f93
Pipistrellus pipistrellus,0.696,0.792,2.4625,2.4703,,b596ae0d-6ef6-4fb2-86e0-8ff12ab22970
Pipistrellus pipistrellus,0.752,0.78,2.5905,2.5973,,b8312df0-11e3-4dd2-bf18-b2eab4198753
Pipistrellus pipistrellus,0.663,0.761,2.6685,2.6758,,79129cca-b8e5-43fd-9e11-b654d01bc950
Pipistrellus pipistrellus,0.737,0.752,2.8155,2.8211,,ee19624d-f894-4e9f-a34e-f281079bdf82
Pipistrellus pipistrellus,0.716,0.73,2.8965,2.9017,,a2bbd1c4-203f-4fc9-bee8-1c1cbb7a3e89
Pipistrellus pipistrellus,0.617,0.628,1.6215,1.6273,,870ecb2e-2b58-4a45-9984-5b7d5922fd9a
Pipistrellus pipistrellus,0.603,0.635,1.9435,1.9499,,5ba8b99e-a07e-4736-99f8-d6345ab7557f
Pipistrellus pipistrellus,0.645,0.66,2.1075,2.114,,bfa8a0f6-78d2-43d0-b9d4-2f6c81207f23
Pipistrellus pipistrellus,0.612,0.627,2.1865,2.1928,,60a91ba6-1a84-458e-968d-e42dc36c9d65
Pipistrellus pygmaeus,0.624,0.626,0.1855,0.1897,,1a03827f-ba20-466f-be74-c363568ffd00
Pipistrellus pygmaeus,0.607,0.61,0.2515,0.257,,c5ffacf5-7576-4e94-b9c6-898f83cfcbea
Pipistrellus pygmaeus,0.661,0.666,0.5115,0.5155,,bc61094c-1746-4d84-bbe3-0d76cafff384
Pipistrellus pygmaeus,0.617,0.619,0.5765,0.5808,,39430001-c2e4-4eb5-b30c-ed92ac442bb0
Pipistrellus pygmaeus,0.651,0.659,0.7185,0.7225,,26f965f2-1db5-4c8a-962a-076d0292b529
Pipistrellus pygmaeus,0.668,0.672,1.2695,1.2738,,acb288e6-6220-4b4c-96dc-366f8682a652
Pipistrellus pygmaeus,0.64,0.646,1.3505,1.3543,,48c30f03-0e61-4583-a0bc-fac2e37babff
Pipistrellus pygmaeus,0.743,0.748,1.5855,1.5898,,37982fe2-7f8e-483d-bae9-a91ac0a5aa0b
Pipistrellus pygmaeus,0.673,0.683,1.6575,1.663,,8aa52ae6-597e-4af9-966d-2db76cd7adfd
Pipistrellus pygmaeus,0.66,0.663,1.8185,1.8232,,8474ffd2-6b2a-4c4b-a0e4-c4aa529fe948
Pipistrellus pygmaeus,0.693,0.698,1.8975,1.9016,,8c9ac9ea-c9e0-43c3-8025-33b3d68e27b1
Pipistrellus pygmaeus,0.662,0.663,1.9435,1.9486,,437a89af-2f98-4b97-a29e-7bb97a306e80
Pipistrellus pygmaeus,0.695,0.703,1.9835,1.9881,,2346f761-a3ec-4bcf-afce-e433ade10483
Pipistrellus pygmaeus,0.732,0.736,2.0575,2.0615,,36a540d4-4264-4c6f-8ddf-b8eaa5b6ff7b
Pipistrellus pygmaeus,0.697,0.7,2.1275,2.1316,,fc92e7fb-0163-48df-8ec4-b6c3ebaa6cbd
Pipistrellus pygmaeus,0.676,0.684,2.2025,2.2073,,8a5862c1-a7b5-441a-a519-286d68c72e90
Pipistrellus pygmaeus,0.757,0.762,2.2775,2.2817,,b6b1dde6-8399-42a4-b38f-b3bfae960924
Pipistrellus pygmaeus,0.676,0.679,2.3415,2.3465,,b26bcd34-6868-4f73-b62f-1b636170d1f9
Pipistrellus pygmaeus,0.652,0.654,2.4015,2.4065,,5cdfbc1e-47b8-4017-8668-32719b6dbc05
Pipistrellus pygmaeus,0.733,0.739,2.4425,2.4463,,9e2e9cc1-7cc0-4298-befa-0fc76f72cfd7
Pipistrellus pygmaeus,0.634,0.639,2.5045,2.5084,,e53a750b-9b21-435f-b161-da5e6f36de74
Pipistrellus pygmaeus,0.66,0.663,2.5525,2.5581,,f3cb9977-098c-4ff1-8848-bbcdddc4c95f
Pipistrellus pygmaeus,0.695,0.708,2.6125,2.6164,,ca5246ed-2cfe-4c0d-9f26-b5ea21ffa4f4
Pipistrellus pygmaeus,0.662,0.668,2.6485,2.6542,,38732b01-0572-4f87-9b9a-78fa6fc0b0ec
Pipistrellus pygmaeus,0.647,0.662,2.6945,2.6985,,5850f99d-1fd2-42ae-a8cd-e669fc0a3801
Pipistrellus pygmaeus,0.739,0.743,2.7425,2.7472,,64af8bc8-d242-483a-8601-63bcdee4731e
Pipistrellus pygmaeus,0.634,0.643,2.7765,2.7808,,73408f68-f648-4e75-9866-98378e30f4f0
Pipistrellus pygmaeus,0.608,0.612,2.8265,2.8311,,b91d02dd-d0dc-4644-a9e7-3cf3c5599992
Pipistrellus pygmaeus,0.687,0.696,2.8835,2.8877,,b6f2672b-5416-411e-8854-c30441ca03df
Pipistrellus pygmaeus,0.628,0.629,2.9005,2.905,,f786c3de-0a24-4448-aaff-d514e25eaa45
Pipistrellus pygmaeus,0.672,0.675,2.9315,2.9351,,3f8db08b-7a27-404b-abea-0c7299bbf4cd
Pipistrellus pygmaeus,0.643,0.646,2.9765,2.9826,,3a6b9906-0382-488b-8430-84383c34e938
Pipistrellus pygmaeus,0.636,0.703,1.7055,1.7129,,85ec0d7e-c476-4b79-ab56-4a50a49940b4
Pipistrellus pygmaeus,0.757,0.77,1.9045,1.9111,,5990afbb-1787-4e55-884f-1ee9e35e07bd
Pipistrellus pygmaeus,0.73,0.746,1.9995,2.0069,,15128246-571d-41fb-99f8-6d3182a87130
Pipistrellus pygmaeus,0.61,0.618,1.6655,1.6716,,1fb53ce5-a873-4fbc-b277-4fdb2f05c977
Pipistrellus pygmaeus,0.618,0.624,1.7615,1.7668,,8c4ec4de-e74a-4ee3-969e-f4ae7b74a5f0
Pipistrellus pygmaeus,0.682,0.696,2.0475,2.0538,,ef0a2c6a-b89c-4a6c-a328-2967dfd88964
Pipistrellus pygmaeus,0.612,0.638,2.1185,2.1248,,f6806278-3dfb-428f-aba3-506b59c3bb24
Pipistrellus pygmaeus,0.613,0.629,2.1855,2.1907,,09757afa-68be-4067-9f64-401c92da3a68
Pipistrellus pygmaeus,0.669,0.682,2.3335,2.3394,,dad883c5-ef83-4e56-a485-aebda471ea57
Pipistrellus pygmaeus,0.602,0.616,0.0485,0.0543,,c5cabee5-03f6-45de-9773-03f805109209
Pipistrellus pygmaeus,0.689,0.732,0.1375,0.1439,,d8e77890-83eb-497d-a715-98e1ba82fce6
Pipistrellus pygmaeus,0.606,0.637,0.4835,0.4891,,2a5f45b4-c36d-4b78-ac65-f9cf8451e9d9
Pipistrellus pipistrellus,0.666,0.689,0.0525,0.0596,,e83b2c6e-521b-4e56-9666-9f60e4af337d
Pipistrellus pipistrellus,0.705,0.772,0.1515,0.1595,,7fa835af-446d-454c-8197-5219cb6fb2ea
Pipistrellus pipistrellus,0.681,0.713,0.2815,0.2887,,f73790ee-0f65-47fe-82b7-c629df5ad153
Pipistrellus pipistrellus,0.704,0.734,0.3675,0.3738,,3242096e-2d27-4166-8138-c5ff615bc7ce
Pipistrellus pipistrellus,0.687,0.711,2.7475,2.7548,,5c11d4bd-9afd-4d4c-b575-8edffe3693de
Pipistrellus pipistrellus,0.629,0.642,2.8305,2.8361,,eb0ad616-0e00-4d51-97d5-92d3998d882c
Pipistrellus pipistrellus,0.655,0.726,2.9075,2.913,,1f73bdc3-ba69-4b98-9fa4-a3e7796d3634
Pipistrellus pygmaeus,0.621,0.624,0.0125,0.0162,,a3092c12-8e8e-434b-beeb-914fa42b3d13
Pipistrellus pygmaeus,0.658,0.665,0.0375,0.0427,,a1cdbae8-814c-4356-b67d-f528040ec170
Pipistrellus pygmaeus,0.6,0.611,0.0805,0.0845,,3cfd87b4-da26-4da9-8796-fa40ae8c789f
Pipistrellus pygmaeus,0.616,0.644,0.7315,0.735,,410db06d-73c0-41a2-a5a9-ac920c778dea
Pipistrellus pygmaeus,0.643,0.654,0.8005,0.8048,,6300d47f-cb9d-47c0-8b32-8659b902a1bd
Pipistrellus pygmaeus,0.703,0.707,0.9275,0.9321,,dade0b48-bcd6-46da-b344-c721df26cc82
Pipistrellus pygmaeus,0.712,0.719,0.9965,1.0015,,f0c12f2d-a7fb-475b-9117-613bf3075000
Pipistrellus pygmaeus,0.746,0.75,1.0665,1.0712,,ed7b16f5-8476-4e8a-9647-3e6088739ca1
Pipistrellus pygmaeus,0.664,0.668,1.1395,1.1451,,1b88a225-9346-4586-99ff-a51f929ed2a3
Pipistrellus pygmaeus,0.746,0.75,1.2205,1.2255,,50de9713-a2da-4866-b39c-d2cf760c08f7
Pipistrellus pygmaeus,0.71,0.713,1.2795,1.285,,e9f5ac82-d2b4-4193-bb63-0161a2a8f929
Pipistrellus pygmaeus,0.761,0.765,1.3675,1.3725,,e7d71c5d-8795-42b0-bad1-ca051f245766
Pipistrellus pygmaeus,0.611,0.614,1.4325,1.4382,,f6737358-5b19-41c8-8003-6e711d3b3b36
Pipistrellus pygmaeus,0.776,0.78,1.5155,1.5209,,ac870589-1b9e-4c68-ac72-176e1ec158fb
Pipistrellus pygmaeus,0.624,0.635,1.6355,1.6401,,1bfa26a7-f3ed-437e-9955-dcf35f51e950
Pipistrellus pygmaeus,0.785,0.789,1.6735,1.6792,,91b5dd5b-b3c7-4732-a0ef-36aad3fdd886
Pipistrellus pygmaeus,0.686,0.693,1.7305,1.736,,d0a772a9-bac6-4aaa-a66d-4936bba0b3b4
Pipistrellus pygmaeus,0.722,0.725,1.7805,1.7858,,2e543c61-7c68-4ad2-bd71-188309f3120c
Pipistrellus pygmaeus,0.73,0.738,1.8695,1.8749,,eaf93b8b-f8e8-4714-b708-748c2bdc42ad
Pipistrellus pygmaeus,0.762,0.769,2.1665,2.1712,,e023f747-ed3b-479b-aec4-74f2b2bae5bd
Pipistrellus pygmaeus,0.722,0.727,2.2245,2.2297,,908f945b-f0bd-4872-8df4-81f1b7f0d5f4
Pipistrellus pygmaeus,0.674,0.681,2.3155,2.3206,,389badfb-d303-45af-a9a1-5091897b4fd5
Pipistrellus pygmaeus,0.658,0.659,2.4485,2.4538,,3e52457a-03e6-4677-8958-cb925ce2da12
Pipistrellus pygmaeus,0.685,0.686,2.5005,2.506,,974066f1-abd1-44c5-8955-d9416621cf62
Pipistrellus pygmaeus,0.722,0.725,2.5515,2.5563,,53fd3745-3e17-4e49-bf21-12e29dcd886c
Pipistrellus pygmaeus,0.738,0.741,2.6105,2.6153,,e5f98faf-00f4-4ae7-ab4c-10633248a4b2
Pipistrellus pygmaeus,0.701,0.703,2.6575,2.6622,,66ce36de-ec05-401c-82e5-09018075696b
Pipistrellus pygmaeus,0.692,0.694,2.7015,2.7062,,f0887b60-b44b-474b-80ed-487f607737ca
Pipistrellus pygmaeus,0.649,0.653,2.7545,2.7606,,6cc6391c-e6fa-4794-8473-8b0c611c2096
Pipistrellus pygmaeus,0.709,0.71,2.8335,2.8385,,1c09f1bb-7ba7-4a00-acc1-812acab79a58
Pipistrellus pygmaeus,0.615,0.619,2.9035,2.9084,,489e15fd-ba65-48ef-a443-75d3359ea71f
Pipistrellus pygmaeus,0.701,0.703,2.9785,2.9834,,fa28b37a-2ad6-455a-b5c0-da37574a25c1
Pipistrellus pygmaeus,0.605,0.627,2.7735,2.7829,,7227c9a9-b749-47cb-95bd-95d1ea79f003
Pipistrellus pygmaeus,0.668,0.699,2.9525,2.9609,,637dc767-6457-417c-99e0-09e29f715b03
Pipistrellus pygmaeus,0.73,0.742,0.8675,0.8733,,a8d4c79c-4b29-4567-bdf8-db2df61e4c65
Pipistrellus pygmaeus,0.602,0.609,2.4295,2.4357,,3bf4f9b2-1088-4b08-b890-357cbd4a26e0
Pipistrellus pygmaeus,0.695,0.712,2.8085,2.8157,,59b4b266-6476-41c4-939f-d2d48f953735
Pipistrellus pygmaeus,0.749,0.756,2.8985,2.9058,,9342ed55-bab7-43e3-961c-b3b4df0b913d
Pipistrellus pygmaeus,0.614,0.632,2.1785,2.1845,,7d285011-5881-4fcb-a7b4-7df4794a9bb8
Pipistrellus pygmaeus,0.713,0.73,2.3505,2.3567,,82ff3d56-b64e-49ad-b0ad-7f2e538d46e9
Pipistrellus pygmaeus,0.651,0.685,0.2775,0.2837,,fc2c59a7-8f1e-4660-b69d-6d7ca639e57a
Pipistrellus pygmaeus,0.74,0.782,2.5355,2.5417,,77ca9848-83dd-49ab-87ff-36114db5626c
Pipistrellus pygmaeus,0.744,0.782,2.6065,2.6134,,3615e0f5-7cb5-44a2-89ea-9eed3c2c1dce
Pipistrellus pygmaeus,0.761,0.777,2.6745,2.6821,,9588497e-76c1-4925-9842-60b44939c08c
Pipistrellus pygmaeus,0.711,0.724,2.7465,2.7533,,696869dc-4c06-414f-92b1-ec2c2738ae1e
Pipistrellus pipistrellus,0.618,0.636,1.1485,1.1559,,bb0bec2d-a400-455b-9c62-8636f0440d63
Pipistrellus pipistrellus,0.614,0.66,1.3955,1.4044,,32444a72-c71b-4517-aa57-570b7484bc41
Pipistrellus pipistrellus,0.678,0.715,1.6565,1.6653,,8fe84067-93d8-4565-8e49-67e29ac97607
Pipistrellus pipistrellus,0.645,0.717,1.7505,1.7606,,d9a8784e-e743-4985-bead-f90ecb416671
Pipistrellus pipistrellus,0.685,0.707,1.9205,1.9304,,ab6c8d99-7a40-48b9-b721-f2e4d397b3d6
Pipistrellus pipistrellus,0.662,0.685,2.0185,2.0266,,ecc42293-7565-48ac-a9eb-90db672dc0b6
Pipistrellus pipistrellus,0.667,0.689,2.5485,2.5594,,7b3890f2-72d3-484d-82ea-ce3e0d639767
Pipistrellus pipistrellus,0.612,0.643,2.6565,2.6668,,79e4dc3a-d4d8-46fb-9363-810bd4b267ac
Pipistrellus pipistrellus,0.736,0.747,0.4605,0.4677,,f1973546-f8b6-4fe4-8c5f-d906a934c5a2
Pipistrellus pipistrellus,0.639,0.651,0.6625,0.6725,,7e66cf3f-fb7a-4606-b20e-2b884d1e4e5a
Pipistrellus pipistrellus,0.687,0.7,0.8805,0.8889,,b7f3f8bb-c051-4b71-ab82-48b815a95f92
Pipistrellus pipistrellus,0.76,0.781,1.4975,1.5046,,4c55b148-a075-4a2e-87e1-1f6ed671ee48
Pipistrellus pipistrellus,0.623,0.636,1.7015,1.7105,,93bcb7b1-4483-49d5-be2b-8bfb884eb37b
Pipistrellus pipistrellus,0.651,0.68,1.8785,1.8879,,9f30dd83-90cf-40dd-9eb4-0bc9a0f6eba2
Pipistrellus pipistrellus,0.683,0.688,2.0605,2.0702,,5b0e42c2-8d93-4c88-8f35-a1ca8380464c
Pipistrellus pipistrellus,0.733,0.752,2.2875,2.2967,,56693ab3-3c08-4c0d-acf7-8b0c9d76638f
Pipistrellus pipistrellus,0.649,0.657,2.6665,2.676,,2a507251-136c-4928-b79e-3785675ce3b1
Pipistrellus pygmaeus,0.625,0.638,0.9755,0.9833,,af608393-1201-4c5f-81f0-dcc29b5e970e
Pipistrellus pygmaeus,0.603,0.618,1.2185,1.2249,,99cabb8a-b8c4-4866-8073-aa1f38245259
Pipistrellus pygmaeus,0.671,0.681,1.3055,1.313,,744912cb-efe3-4d50-804f-1d3b3f0a6bca
Pipistrellus pygmaeus,0.659,0.69,1.3875,1.3947,,c5dfe5b4-c4f7-4e05-b1cc-684009ed918f
Pipistrellus pygmaeus,0.68,0.684,1.5555,1.562,,5dd7d4a5-2840-4823-8ead-8ce8c4aea37b
Pipistrellus pygmaeus,0.707,0.71,1.6375,1.6441,,d87c9cf1-ea3a-4191-bf42-3e4d7c4be33b
Pipistrellus pygmaeus,0.702,0.715,1.7165,1.7235,,158b1f14-deae-424b-8223-cb8a275dd8e1
Pipistrellus pygmaeus,0.748,0.749,1.8055,1.8107,,e4303f9f-9686-4d30-9f15-6b21b0e21c10
Pipistrellus pygmaeus,0.687,0.692,1.8895,1.8966,,65e2d74e-5d2d-4647-a8d1-bfd13dfe6840
Pipistrellus pygmaeus,0.747,0.761,1.9765,1.9834,,183ef28a-2b78-4e4a-812d-1819c62176bf
Pipistrellus pygmaeus,0.755,0.761,2.0605,2.0676,,64dffee5-60b4-4b95-8867-a9d16586141b
Pipistrellus pygmaeus,0.61,0.616,2.1515,2.1583,,1ce24c8c-43ea-457b-81d7-0c33c619160e
Pipistrellus pygmaeus,0.704,0.729,2.2385,2.2463,,beb7b824-3a14-487e-8826-0be17c2808a8
Pipistrellus pygmaeus,0.687,0.704,2.4125,2.4187,,9a2dfbb7-8a6c-4505-86a4-6953b3f95256
Pipistrellus pygmaeus,0.681,0.696,2.4965,2.5034,,e36fe346-ff4f-4e2b-9cf1-daaa10559789
Pipistrellus pygmaeus,0.6,0.607,2.5705,2.5764,,996035e0-9e69-436c-9d62-a9f803dd265d
Pipistrellus pygmaeus,0.609,0.612,0.1765,0.1815,,bad104c5-7f0c-4544-ad61-6b22a7264507
Pipistrellus pygmaeus,0.606,0.609,0.3325,0.3374,,4dc83454-95f9-413e-b974-0f7d9ff7c176
Pipistrellus pygmaeus,0.618,0.622,0.4895,0.4946,,540dffeb-4e59-4fed-9359-426fc5e31664
Pipistrellus pygmaeus,0.624,0.631,0.6535,0.6589,,864c06ec-db25-4754-82cc-a009fcbce57b
Pipistrellus pygmaeus,0.602,0.608,0.8095,0.8152,,822a8a8c-c2fd-44cb-aaf0-b3e6c01e5baa
Pipistrellus pygmaeus,0.693,0.697,0.8945,0.8998,,dfd6201b-5b4a-4aba-ad98-51b2905989a3
Pipistrellus pygmaeus,0.765,0.772,0.9685,0.9742,,5269e5f7-9226-4e0d-854d-62a0a619492d
Pipistrellus pygmaeus,0.671,0.677,1.0435,1.0489,,dd771480-c0c5-481b-8a70-6707e1579007
Pipistrellus pygmaeus,0.691,0.694,1.1295,1.1347,,fb1d149c-d7eb-4bba-add1-0ffe337e803e
Pipistrellus pygmaeus,0.714,0.721,1.2065,1.2122,,c2c15d00-40ab-4de2-8eeb-0de4fca00476
Pipistrellus pygmaeus,0.685,0.69,1.2945,1.2999,,65531f54-25fe-4d6a-abac-ff40e1d9cad5
Pipistrellus pygmaeus,0.701,0.704,1.3715,1.3764,,edb7bd52-d627-4cdb-91d2-ee537e7327e6
Pipistrellus pygmaeus,0.708,0.72,1.5265,1.5319,,3f63fcc7-b340-435c-8d6d-41df02dd2241
Pipistrellus pygmaeus,0.744,0.753,1.6075,1.6134,,21c7e34d-23c4-4f1f-9ce1-a38b12a7207b
Pipistrellus pygmaeus,0.762,0.767,1.6645,1.6701,,259871f9-7c83-46e7-a0db-005d66c2d347
Pipistrellus pygmaeus,0.826,0.829,1.7175,1.7222,,9fa4b347-f606-471c-b5d2-934010171d09
Pipistrellus pygmaeus,0.758,0.765,1.7805,1.7861,,dbb3f849-54fd-41d8-baba-1fc80cb168d0
Pipistrellus pygmaeus,0.773,0.777,1.8615,1.8669,,3d56762d-e27d-40c0-b5ed-e5063b5c569b
Pipistrellus pygmaeus,0.798,0.801,1.9375,1.9431,,962c3574-3e7d-4c5c-8503-566171e13276
Pipistrellus pygmaeus,0.778,0.78,2.0165,2.0217,,d4a4cf43-b40b-4a3c-8ee0-299f1a16c2d7
Pipistrellus pygmaeus,0.781,0.784,2.0935,2.099,,d97c3fa1-4489-4b2e-a102-71d520abac64
Pipistrellus pygmaeus,0.714,0.721,2.1785,2.1841,,3668250f-5c41-4b6c-af7c-6d1a1178da6a
Pipistrellus pygmaeus,0.751,0.758,2.2605,2.2669,,02602206-baee-4252-a6e2-5f6c614f6b2a
Pipistrellus pygmaeus,0.746,0.751,2.3465,2.3518,,abe1aa88-902e-4aaa-a97b-1771165cfa53
Pipistrellus pygmaeus,0.79,0.792,2.4225,2.4275,,3f445461-7ee3-4055-ad18-d4aaffe067a0
Pipistrellus pygmaeus,0.748,0.753,2.4785,2.484,,e7cecac4-834b-49d9-ad4c-8c4c2a332c86
Pipistrellus pygmaeus,0.772,0.774,2.5585,2.564,,9e923ffb-72a8-453a-9a32-bcd7e03276e7
Pipistrellus pygmaeus,0.779,0.782,2.6285,2.6343,,92c5e972-fede-4e81-bcda-b22a40bc316e
Pipistrellus pygmaeus,0.788,0.791,2.7165,2.7217,,ddfecdf5-0bc6-4fd1-aaeb-88e084686460
Pipistrellus pygmaeus,0.779,0.785,2.7975,2.8032,,53787a10-b17c-4a4e-96c6-b1fabafa1d84
Pipistrellus pygmaeus,0.794,0.797,2.8725,2.8787,,ab7ba310-0292-4189-8972-18c5626988d5
Pipistrellus pygmaeus,0.813,0.817,2.9545,2.9593,,34dbcbde-a8db-47ca-9fa9-84c4c2a2da9d
Pipistrellus pipistrellus,0.669,0.688,0.0345,0.0408,,f1983198-95d5-45e1-8744-74ef684c9fbc
Pipistrellus pipistrellus,0.651,0.663,0.1225,0.1288,,4f04f1e3-77cc-44c8-9715-c791dc7bb657
Pipistrellus pipistrellus,0.658,0.668,0.2095,0.2165,,8c431b80-4cfc-4b4f-948f-8f6bbf5095cc
Pipistrellus pipistrellus,0.633,0.638,0.2995,0.3057,,7049e0fb-64e5-4523-a78f-54a777ceb33d
Pipistrellus pipistrellus,0.758,0.773,0.3875,0.3948,,d5fee995-2ce7-430b-a722-14de36a544b2
Pipistrellus pipistrellus,0.694,0.729,0.5355,0.5429,,daf5cf87-edf6-499f-9f4b-e6e169be5b9f
Pipistrellus pipistrellus,0.701,0.723,0.6285,0.6392,,e03243a7-5a6b-476b-966e-4d8cd5084aef
Pipistrellus pipistrellus,0.768,0.775,0.7785,0.7864,,619b2bd3-0f28-4e63-92b5-286cff1fc991
Pipistrellus pipistrellus,0.603,0.641,0.9445,0.9552,,fb030e24-7a30-46ac-a473-1e418061b1f3
Pipistrellus pipistrellus,0.742,0.759,1.1155,1.1241,,2965799f-e500-4d5f-a5aa-f95bd8d7e828
Pipistrellus pipistrellus,0.653,0.663,1.2765,1.2879,,e6e35fcd-1ea1-450f-b544-50c8cc78b6f8
Pipistrellus pipistrellus,0.78,0.786,1.4425,1.4513,,46850589-2ff2-4f4b-bcd4-74372f261485
Pipistrellus pipistrellus,0.687,0.743,1.7195,1.7287,,feb536cd-4c49-48a5-a9af-864400d2d4a9
Pipistrellus pipistrellus,0.719,0.735,1.8905,1.9006,,6a537394-cd18-4985-a024-2666659b9b16
Pipistrellus pipistrellus,0.795,0.825,1.9915,1.999,,0058aafe-2bed-486a-8c65-24a77000b189
Pipistrellus pipistrellus,0.767,0.779,2.0825,2.0895,,3ae1313a-fb01-45d3-9198-7cf6a00ea621
Pipistrellus pipistrellus,0.679,0.727,2.1755,2.1831,,cbf49d55-cc6d-4570-9f4f-19636d19c20b
Pipistrellus pipistrellus,0.662,0.677,2.2645,2.2714,,d73ebcb1-4737-4e7c-8289-3420b9bae48f
Pipistrellus pipistrellus,0.65,0.676,2.3475,2.3542,,e1c6b4e3-d4e0-46c5-8117-fecb8c057b2f
Pipistrellus pipistrellus,0.722,0.728,2.7785,2.7847,,01770f6e-2e8a-4952-af65-8cc11e25904b
Pipistrellus pipistrellus,0.657,0.661,2.8605,2.8667,,eb459a3c-989b-45b3-afe5-9dc934fcbfd1
Pipistrellus pipistrellus,0.705,0.712,2.9475,2.953,,99af5cde-67bf-4fa2-95b4-5c063cad1a15
Pipistrellus pygmaeus,0.644,0.653,1.2745,1.2809,,2d9c2ed0-95a2-4279-8ae6-d5e228cd2e26
Pipistrellus pygmaeus,0.71,0.722,1.6095,1.617,,40ddf352-1f1a-4c43-8512-d19e5c902077
Pipistrellus pygmaeus,0.654,0.676,1.9535,1.9598,,eab6670c-73b9-4a58-a959-def8144dd193
Pipistrellus pygmaeus,0.621,0.63,2.2935,2.3007,,2fe66427-0173-439f-ab6f-e90406449eee
Pipistrellus pygmaeus,0.646,0.659,2.4585,2.4645,,eaf318ed-321e-45f5-90b5-c3d8dc9edf29
Pipistrellus pygmaeus,0.762,0.772,2.5355,2.5429,,d7652290-c69b-40b9-9fa6-f1c43a50e345
Pipistrellus pygmaeus,0.7,0.705,2.6255,2.6318,,d9c5a691-404c-46ea-b3c5-e19f3f9b569c
Pipistrellus pygmaeus,0.751,0.764,2.7135,2.7203,,5844927a-d701-4488-89b6-0b30aa54d9cf
Pipistrellus pygmaeus,0.732,0.74,2.8045,2.8106,,132a4eda-fbc4-4667-a713-a85344473c37
Pipistrellus pygmaeus,0.76,0.773,2.9635,2.9698,,34fb91fa-950e-4c33-94b1-30b33aa4bea3
Pipistrellus pipistrellus,0.607,0.631,0.1405,0.1491,,205c2345-eb36-4db3-9c7f-d1a4c64212ba
Pipistrellus pipistrellus,0.635,0.659,1.6475,1.655,,b1232614-fad3-4929-b2c3-d8dcf22c1284
Pipistrellus pipistrellus,0.664,0.691,1.8235,1.8313,,feda1623-cb8a-4a66-9b80-1e32d35f6af4
Pipistrellus pipistrellus,0.661,0.694,0.5715,0.5796,,eace72c8-2b5e-474b-8b01-1259b52e22df
Pipistrellus pipistrellus,0.667,0.694,0.7865,0.7956,,9d672a10-ba3b-40b7-b97a-0987d43d7cbb
Pipistrellus pipistrellus,0.61,0.66,1.0185,1.0271,,50da7c8a-057d-44e4-b509-87ea0da318a8
Pipistrellus pipistrellus,0.689,0.72,1.1125,1.1196,,a5175785-f52a-4eaa-8dbd-bb77afac76f9
Pipistrellus pipistrellus,0.639,0.659,1.4095,1.4166,,c9a61d8d-1bec-4a35-9a9f-978d219c0cc3
Pipistrellus pipistrellus,0.643,0.66,2.6005,2.6073,,ce8ae65e-7c9b-4ff0-9698-ec292c0bc816
Pipistrellus pipistrellus,0.664,0.696,2.8125,2.8195,,0e0e8f91-ff06-4712-af98-bea581a0d989
Pipistrellus pygmaeus,0.732,0.746,0.0235,0.0298,,d5b6cfc0-1821-46b7-98af-7c3a89c36091
Pipistrellus pygmaeus,0.782,0.789,0.1085,0.1152,,bfb3b96a-ff4d-4389-a47b-0e25a48ed4d4
Pipistrellus pygmaeus,0.73,0.763,0.1955,0.202,,0a0ef6ec-70cf-4bd0-9952-fe8771d30085
Pipistrellus pygmaeus,0.76,0.769,0.2855,0.2921,,bb3b6a2b-0ec5-4263-b74f-1b29fcbb45bd
Pipistrellus pygmaeus,0.791,0.796,0.3715,0.377,,9791214f-6d04-4f73-b905-e7a4ce5e349b
Pipistrellus pygmaeus,0.801,0.803,0.4545,0.4607,,4b84a25e-f3bd-43d7-8bfe-5790862f42f3
Pipistrellus pygmaeus,0.816,0.823,0.5335,0.5395,,8d58d656-8f9e-4027-9192-e9ab967c7c4d
Pipistrellus pygmaeus,0.814,0.818,0.6945,0.6998,,6c72594f-abf6-4a9f-920b-bbdb3ae54d73
Pipistrellus pygmaeus,0.771,0.779,0.7705,0.7774,,55b52c33-6c00-4762-b343-73b60a33845d
Pipistrellus pygmaeus,0.78,0.786,0.8505,0.8571,,640e6145-f24b-4bfd-a43f-708e861e7ae9
Pipistrellus pygmaeus,0.792,0.796,1.0345,1.041,,02a07cb2-0408-4f4b-b5c1-be8829fdc5a5
Pipistrellus pygmaeus,0.663,0.679,2.4335,2.4394,,44eafd36-58f6-4a86-b7a0-ccac49014496
Pipistrellus pygmaeus,0.61,0.621,2.6925,2.7003,,4fddcde0-c60c-4ea0-81d7-f6edca3ffb87
Pipistrellus pygmaeus,0.667,0.687,2.7785,2.7864,,8fd6ffa5-97f2-4ab2-8907-0470365b5eed
Pipistrellus pygmaeus,0.613,0.621,0.0555,0.0608,,1695a5c8-0411-4a85-bb33-0a442682d1ff
Pipistrellus pygmaeus,0.704,0.708,0.0925,0.0976,,542dcbcd-e658-4afe-b561-0878f779362a
Pipistrellus pygmaeus,0.656,0.668,0.1645,0.1701,,ca6ccd18-39f8-46d7-be75-2d1de2af730f
Pipistrellus pygmaeus,0.634,0.642,0.2055,0.2114,,905ee3ab-1701-4017-bb05-92b89c0c2586
Pipistrellus pygmaeus,0.749,0.751,0.2385,0.2427,,422be87b-13f8-4188-95e7-700971df9800
Pipistrellus pygmaeus,0.62,0.626,0.2785,0.2841,,3f3b3ba5-0e4c-46be-a3c5-249db8a13e7c
Pipistrellus pygmaeus,0.735,0.736,0.3115,0.3158,,d13e07b0-3d34-45e2-91bc-4f92a6d17958
Pipistrellus pygmaeus,0.639,0.646,0.3515,0.3571,,fe23537b-2abe-41f5-8dd7-73884ea44f45
Pipistrellus pygmaeus,0.754,0.756,0.4595,0.4644,,394c7ad9-f7c2-40bf-ace2-9dc1f39bc062
Pipistrellus pygmaeus,0.728,0.73,0.5165,0.5214,,db1e2b68-faf0-4ddb-b859-61c8151de4d5
Pipistrellus pygmaeus,0.777,0.778,0.5455,0.5505,,03f766bf-7a8b-4b79-8788-bb7458a90109
Pipistrellus pygmaeus,0.793,0.796,0.5965,0.6011,,1ccf2fc6-3b58-455a-bc83-d7711d19b5a1
Pipistrellus pygmaeus,0.681,0.683,0.6265,0.6308,,353cb529-77d4-4d7c-bbca-53a44132ab62
Pipistrellus pygmaeus,0.669,0.672,0.6675,0.6726,,5d1e8579-59e7-4502-9a46-aceb026706b5
Pipistrellus pygmaeus,0.712,0.715,0.6955,0.7005,,47918b46-e91b-4327-a66e-142db6d8aea7
Pipistrellus pygmaeus,0.727,0.733,0.7755,0.7799,,71a04708-9eb8-43ce-b2f3-1413e5d2aa84
Pipistrellus pygmaeus,0.702,0.704,0.8215,0.826,,72fdef9d-f90a-4b31-998f-e2345928e017
Pipistrellus pygmaeus,0.709,0.712,1.2975,1.3028,,87486ba2-a942-4995-ba5d-79d88eb3b88e
Pipistrellus pygmaeus,0.754,0.757,1.3515,1.3568,,04f938fe-b776-4643-af9d-5ed2aa427ebc
Pipistrellus pygmaeus,0.717,0.72,1.3975,1.403,,d58227d5-bc9d-4de6-80e9-95cb148064f8
Pipistrellus pygmaeus,0.708,0.711,1.4385,1.4427,,c6e0b59b-d8c4-4458-a5c5-fea631de7fcf
Pipistrellus pygmaeus,0.678,0.69,1.8015,1.8056,,f0f9851e-80ab-4aea-8030-e93df58fed3a
Pipistrellus pygmaeus,0.679,0.693,1.9425,1.9459,,583534d8-be59-49fd-b02a-335d21543c22
Pipistrellus pygmaeus,0.604,0.618,2.0115,2.0154,,1649daeb-b400-488b-9fe9-3eec95ca0fae
Pipistrellus pygmaeus,0.71,0.714,2.0645,2.0703,,5d996cb0-27c6-4bb1-8cb8-322b6b7bc531
Pipistrellus pygmaeus,0.661,0.665,2.1345,2.1389,,a2f1b8df-26b8-459b-90e3-ebe482bd12cf
Pipistrellus pygmaeus,0.604,0.62,2.1875,2.1916,,9fa3ab3d-a02b-49dc-8e47-88d14588c0e7
Pipistrellus pygmaeus,0.625,0.631,2.2495,2.255,,23c4c68f-95dd-485d-9ae1-f18e27641bb8
Pipistrellus pygmaeus,0.719,0.724,2.3105,2.315,,db892a97-0b90-4769-8906-d0a358dfd05b
Pipistrellus pygmaeus,0.734,0.742,2.3735,2.3786,,70bcb4eb-bc78-481e-b308-388e395193a4
Pipistrellus pygmaeus,0.664,0.682,2.4135,2.4182,,3bfd9801-0679-44e3-959d-7d575315f7b6
Pipistrellus pygmaeus,0.708,0.712,2.4285,2.4335,,917541f6-8a69-4b1f-9c91-d680e5f624ae
Pipistrellus pygmaeus,0.692,0.705,2.5275,2.5323,,629c8307-ccaf-41e1-8a2e-6c11e44ba6fd
Pipistrellus pygmaeus,0.684,0.696,2.5565,2.5617,,0237f796-1b78-400b-b2c7-d6728fbc9665
Pipistrellus pygmaeus,0.688,0.695,2.6055,2.611,,5187f2ad-ce52-4302-88fd-eefd8f123a31
Pipistrellus pygmaeus,0.667,0.678,2.6345,2.6391,,f5dfa79a-925c-42b7-b1df-f8331baa3b4f
Pipistrellus pygmaeus,0.657,0.667,2.7045,2.7087,,8f32a277-45df-4fc4-806e-1dc7eb27e550
Pipistrellus pygmaeus,0.773,0.777,2.8405,2.8457,,10de02ce-bb52-474a-b4e8-45e9fe5bde0b
Pipistrellus pygmaeus,0.772,0.775,2.8865,2.8913,,c1dcd5c8-8ed7-413b-a076-41d4fed04c85
Pipistrellus pygmaeus,0.72,0.723,2.9205,2.9247,,b8d59345-d903-4fd9-b535-f8e93f9e890d
Pipistrellus pygmaeus,0.673,0.693,2.9425,2.9469,,ceba86be-728a-468a-94bb-29715d14b732
Pipistrellus pygmaeus,0.734,0.742,0.3425,0.3501,,d47e5db3-0dd9-4084-8837-e9898f198033
Pipistrellus pygmaeus,0.737,0.74,0.5175,0.5251,,095038c7-dfcb-4087-ad51-72c2ecc19b3c
Pipistrellus pygmaeus,0.675,0.702,0.6915,0.699,,4ec57dbc-f740-416a-885d-e973bcd98bcb
Pipistrellus pygmaeus,0.733,0.751,0.7725,0.7814,,2a08058b-0373-459b-a3c4-5230a75c9cb4
Pipistrellus pygmaeus,0.605,0.612,0.9485,0.9547,,18d76158-d7a8-415b-bc20-87bde5fbb5f4
Pipistrellus pygmaeus,0.695,0.704,1.0295,1.0371,,8ec47caf-859e-425a-a96a-e49f888d7999
Pipistrellus pygmaeus,0.641,0.645,1.1175,1.1264,,0c8bacd8-f3f3-462e-9e4a-8c0eab9706e8
Pipistrellus pygmaeus,0.764,0.769,1.3465,1.3538,,d52b6e17-8108-48ae-a1f1-b1016be6c7a8
Pipistrellus pygmaeus,0.795,0.799,1.8785,1.886,,ba76b1f2-c99d-4995-929b-e1cb5bd574da
Pipistrellus pygmaeus,0.642,0.654,1.9555,1.9637,,0ebb3d77-b86c-471f-9248-1e756018ddc5
Pipistrellus pygmaeus,0.755,0.768,2.0415,2.0497,,cfd662da-b7d5-40ea-8abb-84ea7f860858
Pipistrellus pygmaeus,0.708,0.712,2.3875,2.394,,09db644e-246e-4185-9c42-15e055c719b8
Pipistrellus pygmaeus,0.671,0.681,2.4645,2.4722,,a15d8fb2-a9c7-43a4-a593-e02929c734b9
Pipistrellus pygmaeus,0.705,0.71,2.6365,2.643,,625b9d21-3cae-4641-b756-847a7914c1c5
Pipistrellus pygmaeus,0.664,0.668,2.8145,2.8208,,aca0b762-480f-4737-8480-dd1b8ad778c7
Pipistrellus pygmaeus,0.699,0.702,0.1155,0.1208,,5e4f30c3-df5c-4a9b-ba22-c057738c85e3
Pipistrellus pygmaeus,0.667,0.675,0.2095,0.217,,7a47101c-a2bf-45e4-9076-6f5cc5848218
Pipistrellus pygmaeus,0.679,0.688,0.3045,0.3121,,81e40fa7-13ec-41fa-b921-b7510b148391
Pipistrellus pygmaeus,0.694,0.709,0.3955,0.4029,,4f2f4a13-fa1a-4584-976c-5176492fcb37
Pipistrellus pygmaeus,0.649,0.657,0.4755,0.4825,,d1451cd3-2de2-4ebc-a15b-692a447a4ab6
Pipistrellus pygmaeus,0.746,0.753,0.5645,0.5721,,a6eb3519-265a-49eb-b4f4-c002bf2cac15
Pipistrellus pygmaeus,0.741,0.744,0.6575,0.6641,,b1fc7142-f7aa-41bd-ad3f-13a53bce1219
Pipistrellus pygmaeus,0.716,0.735,0.7535,0.7601,,eea456f1-88f0-413b-bb6a-6501f0143c47
Pipistrellus pygmaeus,0.73,0.736,0.8485,0.8549,,6b00adfe-7c3a-4515-93cc-788b4177630c
Pipistrellus pygmaeus,0.714,0.731,1.0065,1.0144,,9cb55fe6-525a-412b-aa58-9c6b42c63899
Pipistrellus pygmaeus,0.601,0.603,2.5845,2.5906,,0fc25d52-4ad3-480e-84ea-dbc36c1a78f2
Pipistrellus pygmaeus,0.606,0.613,2.7485,2.7547,,22a1ad40-7f33-43c0-b2ee-77c8b5f3a84b
Pipistrellus pygmaeus,0.694,0.713,2.8415,2.8488,,777f32a0-a53f-430b-8488-93724e904ce5
Pipistrellus pygmaeus,0.665,0.672,2.9435,2.9513,,db917c8f-1d0f-4a74-882d-31aeb32568f6
Pipistrellus pygmaeus,0.821,0.825,0.0565,0.0618,,196a0828-9173-4521-a716-3ede53f1f78c
Pipistrellus pygmaeus,0.812,0.818,0.1475,0.1528,,fa86f07f-b0de-47ec-bfee-b6b2db98433f
Pipistrellus pygmaeus,0.728,0.733,0.2335,0.2394,,caf6df19-8732-4ed1-9feb-83f74f599b08
Pipistrellus pygmaeus,0.749,0.756,0.3115,0.318,,a0d6b8d2-7861-4f7d-acc0-8b80efb246db
Pipistrellus pygmaeus,0.815,0.819,0.3945,0.4007,,983d054f-4315-4c9f-b408-7ef03f125db1
Pipistrellus pygmaeus,0.791,0.794,0.4845,0.4913,,0041805a-8ab4-40ac-ae5b-f45bc79734d8
Pipistrellus pygmaeus,0.623,0.634,0.5705,0.5764,,edb9946a-5881-4b61-b09a-a76c00413367
Pipistrellus pygmaeus,0.789,0.793,0.6655,0.6727,,52f6358f-e34a-44d2-ae33-dcff069b6fc6
Pipistrellus pygmaeus,0.778,0.784,0.8305,0.8371,,5563a8b0-0158-4fd9-9d8c-761bcd226b16
Pipistrellus pygmaeus,0.706,0.719,1.0025,1.0097,,74873bcf-680d-49e7-a598-a29a8d1abebb
Pipistrellus pygmaeus,0.752,0.761,1.0885,1.0957,,15fffd7f-1fac-4136-97f1-dc19263f4fdf
Pipistrellus pygmaeus,0.738,0.741,1.2705,1.2775,,e0b44d22-37aa-4f22-a60e-db73ce4d630b
Pipistrellus pygmaeus,0.623,0.627,1.3655,1.3729,,28cccd54-36e7-4cc2-b8c4-7a4b9ec689d8
Pipistrellus pygmaeus,0.684,0.688,1.5475,1.5547,,17727afd-9462-4dbe-b832-dd4dd905bffe
Pipistrellus pygmaeus,0.691,0.698,1.8325,1.839,,36329bf0-99d1-483d-9a53-7ecc414fbaec
Pipistrellus pygmaeus,0.672,0.679,2.1165,2.1232,,b512a571-f665-4e7a-badd-2aaaf16497dd
Pipistrellus pygmaeus,0.719,0.723,0.0365,0.0421,,808e71fe-2457-42b3-830a-9515ccec399b
Pipistrellus pygmaeus,0.752,0.759,0.1225,0.1293,,b0c9bc97-bdab-4102-93e6-e21bbbe601e9
Pipistrellus pygmaeus,0.72,0.725,0.1995,0.2061,,587e780a-5cef-40cf-9184-616b69b6fa31
Pipistrellus pygmaeus,0.681,0.688,0.2915,0.298,,dd470968-02fc-4bff-bebb-781840b5de21
Pipistrellus pygmaeus,0.737,0.744,0.3735,0.3795,,75f7e11a-eefd-43b6-b131-9ec09250d60c
Pipistrellus pygmaeus,0.712,0.722,0.4625,0.4696,,28bcd9bd-f457-42f8-b9af-05e848d2a400
Pipistrellus pygmaeus,0.78,0.785,0.5585,0.565,,2a3d14b8-509c-4eb4-a20c-40d645fecd6e
Pipistrellus pygmaeus,0.79,0.793,0.6465,0.6532,,41ab65d1-4a97-4a87-8bfa-08bd089e1d80
Pipistrellus pygmaeus,0.65,0.656,0.7415,0.7478,,cf7aeefe-c502-4efd-85e1-81d6bf394f58
Pipistrellus pygmaeus,0.767,0.77,0.8295,0.8355,,3d2fde11-b4a0-46cf-b31e-863c48a26194
Pipistrellus pygmaeus,0.611,0.619,0.9205,0.928,,30150a0c-07cb-495b-b9f1-121f3b5bdbd4
Pipistrellus pygmaeus,0.765,0.78,1.0835,1.0911,,e58a205e-2fb5-49e1-aa12-02f051af32a2
Pipistrellus pygmaeus,0.717,0.727,1.1715,1.1792,,b8991802-db49-4891-8553-f225c5c7c71e
Pipistrellus pygmaeus,0.697,0.705,1.2635,1.2705,,30c92f3d-6029-4d63-8de5-fbc5c336eec6
Pipistrellus pygmaeus,0.748,0.762,2.0845,2.0924,,1e1efd5d-3c37-479b-8438-1bc958776323
Pipistrellus pygmaeus,0.7,0.704,2.1695,2.1767,,71f1af03-9e34-4afd-a528-7f72e7056c07
Pipistrellus pygmaeus,0.697,0.714,2.3195,2.3273,,3ef35589-3bda-4072-a169-f12a0bfd848a
Pipistrellus pygmaeus,0.686,0.7,2.4915,2.4994,,139c2812-4b61-4b0a-b63b-f6715b5c3838
Pipistrellus pygmaeus,0.649,0.677,2.7465,2.7538,,c662b85f-ea91-4fe2-8b03-b4c46de955b2
Pipistrellus pipistrellus,0.644,0.653,0.6695,0.6777,,85e30e49-4d67-4ddb-968a-d41ac6e3c7e5
Pipistrellus pipistrellus,0.707,0.725,0.7655,0.7734,,85962102-0346-4e7c-a4e1-70b9bc51e9d1
Pipistrellus pipistrellus,0.709,0.727,1.0365,1.045,,f7812ea4-6af8-427c-8e04-e882790ad278
Pipistrellus pipistrellus,0.643,0.672,1.1805,1.1892,,75ce5163-6360-423f-bae1-3146f02188e3
Pipistrellus pipistrellus,0.699,0.722,1.2745,1.2819,,2e3e529b-6261-44fa-b080-8f9d4df6988e
Pipistrellus pipistrellus,0.702,0.71,1.3655,1.3715,,a749ce23-7870-46d8-b6ed-404acaee2f50
Pipistrellus pipistrellus,0.644,0.663,1.4465,1.4528,,81f0b1dd-52ec-4909-8bed-2520ca669322
Pipistrellus pipistrellus,0.735,0.755,1.5135,1.5193,,e483b9ce-e7a9-44b1-8f91-c125149e409b
Pipistrellus pipistrellus,0.655,0.661,1.5725,1.578,,28014cb3-b57a-46aa-b81f-813ef9b48d9e
Pipistrellus pipistrellus,0.719,0.726,2.0215,2.0289,,0fc40e2e-acc2-4d9e-8e6e-5f2902779aae
Pipistrellus pipistrellus,0.692,0.697,2.1245,2.1315,,dd68d11a-b61a-4027-a5c0-12053e6e6eac
Pipistrellus pipistrellus,0.754,0.759,2.2905,2.2981,,23a3f768-596e-48d3-a07e-67a8611daa53
Pipistrellus pipistrellus,0.705,0.718,2.4615,2.4698,,0dcc9aba-c5d9-4673-9edc-453addf671b4
Pipistrellus pipistrellus,0.77,0.783,2.6275,2.6348,,3ac9fabb-a4f0-4dfb-960a-bde05a9b2dc9
Pipistrellus pipistrellus,0.748,0.76,2.7225,2.7314,,a3719047-1b88-43a3-9cf8-c760d12a7d9d
Pipistrellus pipistrellus,0.762,0.772,2.8885,2.8968,,3c255f92-a21e-4658-81a7-d01f736acfa7
Pipistrellus pygmaeus,0.827,0.832,0.0095,0.015,,a5661676-a545-4a7b-a558-db8c54d4596f
Pipistrellus pygmaeus,0.783,0.784,0.0885,0.0947,,2f705426-75af-421d-a25d-fa95c829013f
Pipistrellus pygmaeus,0.827,0.831,0.1735,0.1791,,90502969-6ce9-4118-a375-15ad2e4d960a
Pipistrellus pygmaeus,0.847,0.849,0.2585,0.2639,,1697bb32-a8fc-437f-9874-c1775d57f028
Pipistrellus pygmaeus,0.841,0.843,0.3455,0.3499,,1711ca44-b943-4dbd-a4d2-90848819506c
Pipistrellus pygmaeus,0.805,0.807,0.4285,0.4345,,572f6710-f3ff-41bc-8063-a8377dd3f260
Pipistrellus pygmaeus,0.831,0.835,0.5135,0.5181,,bb04106b-130d-44f7-baf1-c0115c56e3f5
Pipistrellus pygmaeus,0.667,0.673,0.5995,0.6069,,4ccc644d-3288-4a8e-8dd8-39991ebb45a5
Pipistrellus pygmaeus,0.81,0.813,0.6905,0.6959,,1274b94d-1a45-4e81-b20f-8cc7edeecc20
Pipistrellus pygmaeus,0.826,0.83,0.8585,0.8643,,7d6bb9a4-f5b2-467b-a9a8-1f9a5a10e398
Pipistrellus pygmaeus,0.772,0.774,1.0405,1.0471,,7c4b13b3-388a-4182-b08f-83d1d587015f
Pipistrellus pygmaeus,0.811,0.814,1.1375,1.1439,,b40117b0-4fc4-47ec-8903-8f12a409a5dd
Pipistrellus pygmaeus,0.76,0.762,1.2295,1.2362,,c136f150-e110-4305-a7af-d6be10cc0fd8
Pipistrellus pygmaeus,0.675,0.686,1.3125,1.3181,,bcc026df-662a-4b90-86e6-b01d27114aa4
Pipistrellus pygmaeus,0.765,0.771,1.4015,1.4081,,1f9d8bc8-f0b8-42a3-8baf-221daab0c79d
Pipistrellus pygmaeus,0.762,0.77,1.5635,1.5714,,3f9aa9fe-58bc-4da9-bb0b-e70e559ce055
Pipistrellus pygmaeus,0.808,0.81,1.7405,1.7475,,a4e18147-cfea-465d-a9d7-e6ab8e188661
Pipistrellus pygmaeus,0.765,0.772,1.9075,1.9146,,290bab5d-7b01-481d-894b-94df76d93572
Pipistrellus pygmaeus,0.662,0.665,2.5965,2.6029,,491978f9-bdeb-4320-9949-78dfedb569db
Pipistrellus pygmaeus,0.785,0.787,2.6845,2.6911,,73fdf3ce-2eb6-41dc-becf-edf0615ce3fe
Pipistrellus pygmaeus,0.736,0.747,2.7685,2.7752,,f2006cc0-0ab4-414d-8a57-3812ecaf8c8d
Pipistrellus pygmaeus,0.795,0.798,2.8535,2.8602,,e356b5d3-dba0-473c-90d3-464149e2fc33
Pipistrellus pygmaeus,0.796,0.8,2.9395,2.9461,,312c0150-0658-4d97-ab0a-365b2c827de1
Pipistrellus pipistrellus,0.635,0.665,0.1225,0.128,,c95d44b2-4189-4420-9b80-d50ed2f3b82d
Pipistrellus pipistrellus,0.753,0.775,0.0175,0.0242,,5d4b678a-a433-4845-99f7-4c743408b674
Pipistrellus pipistrellus,0.725,0.78,0.1075,0.1153,,4e3582a2-c0b0-4996-a9c7-5bb810adfc64
Pipistrellus pipistrellus,0.683,0.776,0.2715,0.2803,,c4eab7fc-64af-4de2-b521-7665deaeaa0d
Pipistrellus pipistrellus,0.771,0.796,0.3665,0.3743,,26ea9bf7-36e6-4032-bd12-640e7348c16f
Pipistrellus pipistrellus,0.714,0.754,0.4505,0.4571,,c0fb1da4-f639-4ad9-9771-2b4107ac2c3f
Pipistrellus pipistrellus,0.683,0.797,0.5285,0.5356,,11dc6af2-0ac9-41d0-ae7d-ce9c7f239e32
Pipistrellus pipistrellus,0.714,0.775,0.6145,0.6208,,28b92f61-cc50-4b99-aeb6-13405f5407c3
Pipistrellus pipistrellus,0.695,0.74,0.6875,0.6929,,fd5decff-0214-46e5-97e9-ebeaf40bd53d
Pipistrellus pipistrellus,0.642,0.656,0.7365,0.7416,,12081c6f-5147-46fb-9372-7747476ce40b
Pipistrellus pipistrellus,0.744,0.815,1.1015,1.1087,,d452270c-24c9-469e-949a-bf4d80ec7cdf
Pipistrellus pipistrellus,0.756,0.8,1.1975,1.2044,,410372e4-769c-4310-8cd7-208180530ce4
Pipistrellus pipistrellus,0.779,0.802,1.2855,1.2928,,005de6f0-2722-4881-9d63-391c226c2c9a
Pipistrellus pipistrellus,0.652,0.771,1.3555,1.3623,,d3e630a4-726e-44f2-9eb8-9b502fd20df7
Pipistrellus pipistrellus,0.685,0.703,1.4075,1.4124,,cc3ed626-3a27-4534-b178-56c75d70b46a
Pipistrellus pipistrellus,0.705,0.734,2.2675,2.2733,,f3dfdf3d-80a2-4598-ab94-7132a46f51b7
Pipistrellus pipistrellus,0.721,0.729,2.3615,2.3668,,51e52e24-bfd1-49d6-a89e-60d88bf6a8fd
Pipistrellus pipistrellus,0.738,0.751,2.4865,2.4924,,fc06ba47-fb15-4aee-bb3d-9764878c6250
Pipistrellus pipistrellus,0.709,0.733,2.5725,2.5784,,db73afd9-e00f-4823-a544-281ec42cc12c
Pipistrellus pipistrellus,0.756,0.762,2.6655,2.6704,,fbfe7097-a36e-4662-8c06-510985e92ec2
Pipistrellus pipistrellus,0.799,0.819,2.7495,2.7554,,f726e330-c3c9-4be6-852f-24cf53f9cf67
Pipistrellus pipistrellus,0.721,0.731,2.8335,2.8391,,2c171724-a908-4a5e-b828-baa0110b11fa
Pipistrellus pipistrellus,0.744,0.759,2.9175,2.9247,,71e151ab-78be-40a0-b145-2d97ec32d6ca
Pipistrellus pipistrellus,0.607,0.619,0.6355,0.6441,,b34bb96e-4a97-4ffc-92f7-d5d24a9e9909
Pipistrellus pipistrellus,0.643,0.66,0.9905,0.9976,,9b54d034-1a5f-4579-833f-81838648490e
Pipistrellus pipistrellus,0.607,0.621,1.1885,1.1943,,3f3e39ce-a63d-4eeb-b57e-27d85cb41684
Pipistrellus pipistrellus,0.684,0.693,1.2705,1.2768,,ac9e4204-8623-4f65-bfda-425101e8d372
Pipistrellus pipistrellus,0.616,0.625,1.3425,1.3501,,ab3419d0-6a8d-4cdb-b5ea-c0b83ae68259
Pipistrellus pipistrellus,0.717,0.728,1.5585,1.5646,,028f5d9d-dfec-493e-843b-f04dd9e5d97d
Pipistrellus pipistrellus,0.692,0.728,1.6475,1.6537,,fffd70b9-f2c0-4a81-bf90-02b61f9a5146
Pipistrellus pipistrellus,0.665,0.678,1.8195,1.8248,,fde369cc-d7dc-4215-adc2-2b3e18f44ea7
Pipistrellus pipistrellus,0.684,0.714,1.9935,2.0006,,09bd4a74-8f26-4e01-af69-dba4afd819c6
Pipistrellus pipistrellus,0.628,0.665,2.1645,2.174,,990c87a7-c893-4e3d-9214-ec81d675b6be
Pipistrellus pipistrellus,0.719,0.749,0.1505,0.1574,,508bbad8-a7e5-4d34-a57d-d827a299960b
Pipistrellus pipistrellus,0.756,0.775,0.2645,0.2714,,dac41b30-4ab6-49b5-8239-3f02d20f466c
Pipistrellus pipistrellus,0.769,0.784,0.3815,0.3883,,6e12a8f9-bb2a-4a13-a277-fadec3e86f01
Pipistrellus pipistrellus,0.715,0.726,0.4545,0.4613,,758618f1-883f-41f8-897a-d4e8ea409bc4
Pipistrellus pipistrellus,0.786,0.793,0.5505,0.5568,,4abb278d-343a-439a-9775-11f81cea6470
Pipistrellus pipistrellus,0.815,0.831,0.6325,0.6401,,b61bd8f2-9317-4413-b524-74665191510a
Pipistrellus pipistrellus,0.761,0.778,0.7285,0.7381,,b305fdda-ba5d-4967-ba09-303327d24db6
Pipistrellus pipistrellus,0.686,0.737,0.8245,0.8336,,3e5d4750-d3b5-4af6-ac3e-59e207d6c36a
Pipistrellus pipistrellus,0.754,0.788,0.9225,0.9306,,bd71ced8-5476-4a84-a1bd-a49cfa3abb8a
Pipistrellus pipistrellus,0.817,0.825,1.0185,1.0271,,20efcfb8-082f-473c-bcd6-1dce5f911adb
Pipistrellus pipistrellus,0.769,0.783,1.1805,1.19,,00cf1f49-ffbf-40c7-83b0-c6c4b80f69ca
Pipistrellus pipistrellus,0.811,0.823,1.2785,1.2868,,e4e21222-a06d-47c3-868a-3c73e3b3654c
Pipistrellus pipistrellus,0.735,0.769,1.3715,1.3792,,4de01abd-de82-49bd-9542-52f962afe402
Pipistrellus pipistrellus,0.73,0.775,1.4675,1.475,,ff29b0b8-587a-40ba-a991-b15ea143798c
Pipistrellus pipistrellus,0.807,0.822,1.5605,1.5672,,66d65c22-a831-4ba4-8e5f-f87ca6a31f30
Pipistrellus pipistrellus,0.733,0.738,1.7075,1.714,,9f19bcd2-53ab-49bc-9665-47460c2cffab
Pipistrellus pipistrellus,0.782,0.789,1.7995,1.806,,4da22288-79f5-41c2-8b85-52df6a6f24af
Pipistrellus pipistrellus,0.743,0.765,1.9675,1.9746,,918084fd-6edb-4fb2-8a23-d2b325f5560e
Pipistrellus pipistrellus,0.703,0.727,2.0685,2.0772,,c54421fe-5507-45d0-8750-89c38cfa4eb0
Pipistrellus pipistrellus,0.735,0.749,2.1845,2.1931,,aa5febc0-fe32-4506-8a73-715a4f2b8bfa
Pipistrellus pipistrellus,0.742,0.754,2.4755,2.4849,,078152e0-1855-4c7b-a35f-b2286a9dd85a
Pipistrellus pipistrellus,0.751,0.773,2.5855,2.596,,e41d853d-8c6f-4731-8ca4-a5a88b634d24
Pipistrellus pipistrellus,0.71,0.723,2.7545,2.7639,,7c90c1e6-8674-4a18-97e5-47a17092a48f
Pipistrellus pipistrellus,0.702,0.711,2.8525,2.8596,,ca697b0d-c67d-406c-9f65-bb89b602bcf0
Pipistrellus pipistrellus,0.757,0.768,2.9555,2.9648,,bc9e3768-6df4-4ac2-b384-1fdde013e52c
Pipistrellus pygmaeus,0.707,0.717,0.6995,0.7051,,9dfb54cb-6b1c-499c-afdf-de26c1910f11
Pipistrellus pygmaeus,0.746,0.752,0.7755,0.7814,,0176265f-de16-4ba6-aa0b-84c7280c6211
Pipistrellus pygmaeus,0.67,0.702,0.8555,0.8623,,fb04a154-b3ab-4c81-b82d-e984f7c71356
Pipistrellus pygmaeus,0.73,0.737,0.9335,0.9411,,3328c486-e0fa-40b6-871a-727d50139b8b
Pipistrellus pygmaeus,0.727,0.734,1.5465,1.5522,,1a080537-1f88-47a1-acd3-836d19d19c51
Pipistrellus pygmaeus,0.772,0.774,1.6335,1.64,,3a8efb1e-5e48-4c2c-b791-9a8a65dd2520
Pipistrellus pygmaeus,0.723,0.727,1.7195,1.7258,,7b1eb194-a88d-4342-8087-7b3f0e87aa9b
Pipistrellus pygmaeus,0.738,0.741,1.8035,1.8096,,99ab3fa6-74d2-45ce-ba36-ea0edddf6b8a
Pipistrellus pygmaeus,0.762,0.766,1.8915,1.8982,,0d619228-0b6f-4c88-9ef0-79b967119c21
Pipistrellus pygmaeus,0.761,0.765,1.9805,1.9877,,96c73fdc-9b31-4f15-9e86-52378366301c
Pipistrellus pygmaeus,0.77,0.774,2.0685,2.0757,,220e91c3-0776-4c41-bab4-b14665af55f3
Pipistrellus pygmaeus,0.79,0.791,2.1615,2.168,,46b4a4c6-9251-4cee-a595-8d560bf3e032
Pipistrellus pygmaeus,0.811,0.817,2.2535,2.2603,,55b8f713-cbc4-409f-b85a-9161b4b4625c
Pipistrellus pygmaeus,0.757,0.763,2.3515,2.3578,,66c04d60-2a95-4938-9635-a9a189a9de8d
Pipistrellus pygmaeus,0.747,0.766,2.4495,2.4575,,ed641046-df24-44db-a812-3cc0b94dfe3a
Pipistrellus pygmaeus,0.603,0.624,2.6285,2.636,,fb47088b-42eb-4148-aa09-2c9645e9c141
Pipistrellus pygmaeus,0.756,0.762,2.7275,2.7347,,96ad5339-b8a2-46a5-b019-5fce10dd9151
Pipistrellus pygmaeus,0.739,0.764,2.8315,2.8402,,cf4af1c5-2834-49e0-ba8e-3977350f6dbb
Pipistrellus pygmaeus,0.735,0.759,2.9305,2.941,,d368f87d-98ab-435a-8e8b-8d7998cf6511
Pipistrellus pipistrellus,0.653,0.657,0.2775,0.2846,,7658ae80-3dbc-4709-9dd8-65bf04ac6f3b
Pipistrellus pipistrellus,0.641,0.657,0.4175,0.4247,,56b72ddd-c1dd-465c-a1dc-ccfec3069c93
Pipistrellus pipistrellus,0.647,0.651,0.5055,0.5121,,4ee20287-3738-4817-a862-24568060bb30
Pipistrellus pipistrellus,0.681,0.687,0.6585,0.665,,ab2711d6-3288-4094-a470-28714cf84bfd
Pipistrellus pipistrellus,0.714,0.741,0.7505,0.7584,,a18a449c-42d4-4f61-8b3b-1156c4eff7b5
Pipistrellus pipistrellus,0.646,0.661,0.9125,0.9204,,276a0e4c-7479-464c-b496-26014f0ca19d
Pipistrellus pipistrellus,0.704,0.766,1.0955,1.1047,,5ebaac6e-a437-43e2-b7c3-8663bb027668
Pipistrellus pipistrellus,0.776,0.782,1.1925,1.1995,,ad6fc33c-4ff3-4c34-b56d-a7addf52cf20
Pipistrellus pipistrellus,0.725,0.736,1.3425,1.3487,,b30f3132-4b54-4a51-9480-93f6f4ce1cfc
Pipistrellus pipistrellus,0.673,0.681,1.4405,1.4483,,8506cb5f-191c-469f-95db-f1c4b7e19dc7
Pipistrellus pipistrellus,0.731,0.773,1.5355,1.5431,,878da832-4916-42f0-b27b-c16a24ba423c
Pipistrellus pipistrellus,0.773,0.797,1.6285,1.6357,,ebdf07ef-e706-43f5-b914-1dd7330bf660
Pipistrellus pipistrellus,0.742,0.774,1.7195,1.7261,,686f66ac-a702-4311-a085-a70d3be70e0c
Pipistrellus pipistrellus,0.703,0.708,1.7995,1.806,,a2dd0a1b-5bfa-4e80-9b20-96b6e7d8b57f
Pipistrellus pipistrellus,0.666,0.678,1.8695,1.8749,,7be512f2-e361-4c62-9700-56a3c564d519
Pipistrellus pipistrellus,0.641,0.651,1.9205,1.9261,,f788a146-7bf3-42ab-83aa-e23fbd4bf846
Pipistrellus pipistrellus,0.712,0.717,2.3535,2.3596,,fcdf640a-0d18-496c-971b-eaf77feccf22
Pipistrellus pipistrellus,0.752,0.766,2.4435,2.4496,,525f5b70-e286-497a-b86d-50795f184501
Pipistrellus pipistrellus,0.748,0.753,2.5335,2.5387,,50145713-ccbd-4945-a357-909de3f46474
Pipistrellus pipistrellus,0.79,0.797,2.6225,2.629,,456b5e48-9ef5-457c-b137-14e71132f9f2
Pipistrellus pipistrellus,0.768,0.776,2.7825,2.7888,,0a21bfe8-d4a8-4361-a75b-fcdfdc887229
Pipistrellus pipistrellus,0.796,0.808,2.8685,2.8741,,93c0484c-c539-4080-a98f-7c0e630f3259
Pipistrellus pipistrellus,0.622,0.677,2.6755,2.6822,,a6c0b84f-8a45-4d3d-bc6d-1ce6c0370ae3
Pipistrellus pipistrellus,0.671,0.765,2.9515,2.9585,,f0b16aec-e7cf-4184-a463-78e6988687ee
Pipistrellus pipistrellus,0.65,0.668,1.4745,1.4823,,75a5c3cc-8dac-41b0-8449-f2499e02eb71
Pipistrellus pipistrellus,0.654,0.66,1.8785,1.8852,,23a47fce-121c-4958-a815-d4b9a1f27769
Pipistrellus pipistrellus,0.725,0.732,2.0645,2.0703,,7b76816a-eb5d-44a5-bbcf-d839aa5fe358
Pipistrellus pipistrellus,0.674,0.691,2.2625,2.2701,,1ef72920-e529-4db9-bb21-429839aed370
Pipistrellus pipistrellus,0.769,0.799,0.0305,0.0372,,0a9fed96-8c74-4762-8b8a-bb9a3252d5a5
Pipistrellus pipistrellus,0.784,0.837,0.1255,0.1322,,41839220-0cfa-490e-acce-bacb15953f5a
Pipistrellus pipistrellus,0.829,0.837,0.2215,0.228,,2db2ffe8-1f0a-4690-9482-688ce1a87a54
Pipistrellus pipistrellus,0.741,0.775,0.3175,0.3245,,fcb10666-5894-4fef-a33a-4caaaf3d6835
Pipistrellus pipistrellus,0.796,0.811,0.4095,0.4164,,3e301740-507e-49e2-89fa-0c49be9074ec
Pipistrellus pipistrellus,0.747,0.786,0.4995,0.5068,,4132070f-7e1c-42f1-a2fc-4d0377265cbc
Pipistrellus pipistrellus,0.782,0.809,0.5925,0.6005,,a77f64f4-ffa8-4d98-97b1-edf84c60b8e8
Pipistrellus pipistrellus,0.745,0.77,0.6875,0.6942,,1225d5a5-e092-4f95-822d-5adaa37f4215
Pipistrellus pipistrellus,0.737,0.793,0.7805,0.7885,,51397001-feb2-4a1e-ad27-faa94544d48a
Pipistrellus pipistrellus,0.725,0.797,0.8755,0.8827,,26d22829-6f18-4d83-9350-01359da9e7a4
Pipistrellus pipistrellus,0.72,0.756,0.9525,0.9586,,6be9477d-c32d-4aff-b3dd-d67b605f32ea
Pipistrellus pipistrellus,0.759,0.79,1.0365,1.0427,,09776f59-da19-447f-922c-22e083211bc9
Pipistrellus pipistrellus,0.752,0.787,1.1195,1.1255,,e09302b2-ba29-4578-bd15-a5e012959b01
Pipistrellus pipistrellus,0.685,0.709,1.1865,1.1917,,850af23f-6c93-456a-88c0-02db26723cad
Pipistrellus pipistrellus,0.692,0.705,1.2365,1.2415,,1bb8648f-87df-4e56-a31c-d5f4f2de50cc
Pipistrellus pipistrellus,0.739,0.753,1.5935,1.6,,a1ae75ac-99bf-43c7-b50f-8b305b07c807
Pipistrellus pipistrellus,0.634,0.667,1.6805,1.6877,,e0670762-6923-4cac-957d-97641a8cc477
Pipistrellus pipistrellus,0.76,0.768,1.8505,1.8572,,ad96e632-3b47-4f5a-9346-37b930ef14a4
Pipistrellus pipistrellus,0.659,0.661,1.9485,1.9554,,6aba28ef-d16f-4ea5-ada1-44a745a9c768
Pipistrellus pipistrellus,0.69,0.704,2.1155,2.1251,,c17acd47-abfc-4f44-b773-ccef1e57531e
Pipistrellus pipistrellus,0.739,0.742,2.2155,2.2233,,d98bfd42-1d8f-4c9b-aee2-ba2f9e029d41
Pipistrellus pipistrellus,0.616,0.635,2.3945,2.4056,,85939d08-6baa-4134-944c-a402c9f0d4af
Pipistrellus pipistrellus,0.688,0.699,2.5015,2.5106,,dd1787a5-8eee-4175-b0ce-4197960fc4a5
Pipistrellus pipistrellus,0.689,0.707,2.7725,2.7798,,1888e3ab-ba3c-4661-a108-ccc29645db1c
Pipistrellus pipistrellus,0.708,0.716,2.8735,2.8807,,f408319c-e2b3-4a15-9786-65ce99adbe76
Pipistrellus pipistrellus,0.729,0.749,2.9785,2.9854,,9f4af3a0-c859-4581-82e5-9f59df50f8cb
Pipistrellus pygmaeus,0.648,0.659,0.9235,0.9307,,3be29ee0-1d57-4845-bd20-18c0365fdd80
Pipistrellus pygmaeus,0.605,0.615,1.0175,1.0262,,211c4cea-9716-4e13-beeb-8856b10b76b2
Pipistrellus pygmaeus,0.643,0.668,1.1945,1.202,,2fadb6ab-e5c3-4156-87da-9d92664b1ec0
Pipistrellus pygmaeus,0.633,0.641,1.2895,1.2979,,33544f8e-8b32-464c-a2b5-472ab966a649
Pipistrellus pygmaeus,0.669,0.688,1.3835,1.3924,,62fb0f4a-bce5-48f2-9ff9-b49c802017de
Pipistrellus pygmaeus,0.696,0.705,1.4765,1.4853,,96e95b07-66ee-4626-a236-102d56a5a2fb
Pipistrellus pygmaeus,0.69,0.704,1.5685,1.5774,,aaa66e1c-214b-4dfb-8909-d530d15d823c
Pipistrellus pygmaeus,0.659,0.678,1.6585,1.6656,,f2648231-89d2-4990-a08f-b334c5173717
Pipistrellus pygmaeus,0.742,0.75,1.7495,1.7567,,3f21ba7f-d039-4c8d-b63e-07d7ca88a453
Pipistrellus pygmaeus,0.69,0.716,1.8315,1.8393,,aedacbdf-cf44-4938-b05c-74221b75a32b
Pipistrellus pygmaeus,0.644,0.656,1.9815,1.9877,,32a3768a-1853-4b7b-b8a5-771e22f2dad2
Pipistrellus pygmaeus,0.635,0.643,2.0435,2.0482,,50c3ea02-a495-414f-9fa7-790e7660be34
